city,district,lat,lon
Thành phố Hà Nội,Quận Ba Đình,105.801469498,21.0158551700001
Thành phố Hà Nội,Quận Hoàn Kiếm,105.841908374,21.017912589
Thành phố Hà Nội,Quận Tây Hồ,105.793107642,21.039003816
Thành phố Hà Nội,Quận Long Biên,105.836237361,20.9944872560001
Thành phố Hà Nội,Quận Cầu Giấy,105.768365039,21.00095602
Thành phố Hà Nội,Quận Đống Đa,105.797905656,20.9973581690001
Thành phố Hà Nội,Quận Hai Bà Trưng,105.842414377,20.9911136370001
Thành phố Hà Nội,Quận Hoàng Mai,105.806579285,20.9463508060001
Thành phố Hà Nội,Quận Thanh Xuân,105.791069196,20.980555731
Thành phố Hà Nội,Huyện Sóc Sơn,105.723011257,21.176969865
Thành phố Hà Nội,Huyện Đông Anh,105.731828316,21.0663662630001
Thành phố Hà Nội,Huyện Gia Lâm,105.880722911,20.926487541
Thành phố Hà Nội,Quận Nam Từ Liêm,105.726960239,20.980158083
Thành phố Hà Nội,Huyện Thanh Trì,105.788315719,20.8973357410001
Thành phố Hà Nội,Quận Bắc Từ Liêm,105.716845833,21.038045073
Thành phố Hà Nội,Huyện Mê Linh,105.616161222,21.1202383350001
Thành phố Hà Nội,Quận Hà Đông,105.706586429,20.9108046310001
Thành phố Hà Nội,Thị xã Sơn Tây,105.414898997,21.0204000480001
Thành phố Hà Nội,Huyện Ba Vì,105.28500419,21.0076590510001
Thành phố Hà Nội,Huyện Phúc Thọ,105.500782888,21.04394395
Thành phố Hà Nội,Huyện Đan Phượng,105.623191975,21.0654587560001
Thành phố Hà Nội,Huyện Hoài Đức,105.645603706,20.955073903
Thành phố Hà Nội,Huyện Quốc Oai,105.483756576,20.9082729300001
Thành phố Hà Nội,Huyện Thạch Thất,105.39206637,20.946764413
Thành phố Hà Nội,Huyện Chương Mỹ,105.550780155,20.792496194
Thành phố Hà Nội,Huyện Thanh Oai,105.722902003,20.780584817
Thành phố Hà Nội,Huyện Thường Tín,105.812684724,20.7519317860001
Thành phố Hà Nội,Huyện Phú Xuyên,105.791897213,20.6505368580001
Thành phố Hà Nội,Huyện Ứng Hòa,105.696830614,20.611912918
Thành phố Hà Nội,Huyện Mỹ Đức,105.648249477,20.5642508770001
Tỉnh Hà Giang,Thành phố Hà Giang,104.862154267,22.754110096
Tỉnh Hà Giang,Huyện Đồng Văn,105.121024367,23.0930393460001
Tỉnh Hà Giang,Huyện Mèo Vạc,105.298937334,22.9895406740001
Tỉnh Hà Giang,Huyện Yên Minh,104.956823808,22.8750795020001
Tỉnh Hà Giang,Huyện Quản Bạ,104.801362227,22.9426465920001
Tỉnh Hà Giang,Huyện Vị Xuyên,104.724412518,22.48412441
Tỉnh Hà Giang,Huyện Bắc Mê,105.050418522,22.60367862
Tỉnh Hà Giang,Huyện Hoàng Su Phì,104.524402853,22.5345614
Tỉnh Hà Giang,Huyện Xín Mần,104.334192828,22.463277164
Tỉnh Hà Giang,Huyện Bắc Quang,104.722700331,22.1661925440001
Tỉnh Hà Giang,Huyện Quang Bình,104.446090353,22.19762108
Tỉnh Cao Bằng,Thành phố Cao Bằng,106.172952305,22.571064957
Tỉnh Cao Bằng,Huyện Bảo Lâm,105.270511383,22.633465132
Tỉnh Cao Bằng,Huyện Bảo Lạc,105.543358364,22.6664261990001
Tỉnh Cao Bằng,Huyện Hà Quảng,105.954076613,22.7915669430001
Tỉnh Cao Bằng,Huyện Trùng Khánh,106.397674511,22.7040160870001
Tỉnh Cao Bằng,Huyện Hạ Lang,106.55196018,22.575782439
Tỉnh Cao Bằng,Huyện Quảng Hòa,106.344836363,22.5494751310001
Tỉnh Cao Bằng,Huyện Hoà An,106.012849946,22.5144178250001
Tỉnh Cao Bằng,Huyện Nguyên Bình,105.727381144,22.4956385090001
Tỉnh Cao Bằng,Huyện Thạch An,106.094113734,22.3569975460001
Tỉnh Bắc Kạn,Thành Phố Bắc Kạn,105.775158645,22.054946483
Tỉnh Bắc Kạn,Huyện Pác Nặm,105.529350008,22.4791259410001
Tỉnh Bắc Kạn,Huyện Ba Bể,105.548864921,22.2706034940001
Tỉnh Bắc Kạn,Huyện Ngân Sơn,105.850891816,22.284561459
Tỉnh Bắc Kạn,Huyện Bạch Thông,105.651600225,22.0865352050001
Tỉnh Bắc Kạn,Huyện Chợ Đồn,105.431530613,21.9555910230001
Tỉnh Bắc Kạn,Huyện Chợ Mới,105.692819609,21.8044205790001
Tỉnh Bắc Kạn,Huyện Na Rì,105.927583571,21.9380083290001
Tỉnh Tuyên Quang,Thành phố Tuyên Quang,105.174641982,21.7004831250001
Tỉnh Tuyên Quang,Huyện Lâm Bình,105.072641651,22.3180007770001
Tỉnh Tuyên Quang,Huyện Na Hang,105.258583673,22.2559743310001
Tỉnh Tuyên Quang,Huyện Chiêm Hóa,104.99490628,21.9413755510001
Tỉnh Tuyên Quang,Huyện Hàm Yên,104.848861693,21.8397958640001
Tỉnh Tuyên Quang,Huyện Yên Sơn,105.056649031,21.658750883
Tỉnh Tuyên Quang,Huyện Sơn Dương,105.224973932,21.497128006
Tỉnh Lào Cai,Thành phố Lào Cai,103.896698785,22.310771516
Tỉnh Lào Cai,Huyện Bát Xát,103.527395007,22.396049217
Tỉnh Lào Cai,Huyện Mường Khương,104.005347047,22.526282517
Tỉnh Lào Cai,Huyện Si Ma Cai,104.172778807,22.5852033210001
Tỉnh Lào Cai,Huyện Bắc Hà,104.165760201,22.3242256460001
Tỉnh Lào Cai,Huyện Bảo Thắng,104.002280094,22.198588038
Tỉnh Lào Cai,Huyện Bảo Yên,104.208627717,22.0871143140001
Tỉnh Lào Cai,Thị xã Sa Pa,103.728788356,22.1373131070001
Tỉnh Lào Cai,Huyện Văn Bàn,103.938281091,21.876484039
Tỉnh Điện Biên,Thành phố Điện Biên Phủ,102.993072901,21.3654171160001
Tỉnh Điện Biên,Thị Xã Mường Lay,103.046335027,21.958500848
Tỉnh Điện Biên,Huyện Mường Nhé,102.144028483,21.9762006390001
Tỉnh Điện Biên,Huyện Mường Chà,102.972597765,21.5878743690001
Tỉnh Điện Biên,Huyện Tủa Chùa,103.250423115,21.784564964
Tỉnh Điện Biên,Huyện Tuần Giáo,103.139405557,21.426340317
Tỉnh Điện Biên,Huyện Điện Biên,102.807631642,20.892719297
Tỉnh Điện Biên,Huyện Điện Biên Đông,103.067527405,21.0286788510001
Tỉnh Điện Biên,Huyện Mường Ảng,103.104668095,21.402405631
Tỉnh Điện Biên,Huyện Nậm Pồ,102.501166884,21.6541484700001
Tỉnh Lai Châu,Thành phố Lai Châu,103.354620468,22.342063733
Tỉnh Lai Châu,Huyện Tam Đường,103.415962207,22.168228734
Tỉnh Lai Châu,Huyện Mường Tè,102.320986282,22.1677444630001
Tỉnh Lai Châu,Huyện Sìn Hồ,103.120708648,22.4159308160001
Tỉnh Lai Châu,Huyện Phong Thổ,103.071030336,21.9701150330001
Tỉnh Lai Châu,Huyện Than Uyên,103.669211512,21.685561106
Tỉnh Lai Châu,Huyện Tân Uyên,103.532640586,21.948091774
Tỉnh Lai Châu,Huyện Nậm Nhùn,102.73686783,22.0268544260001
Tỉnh Sơn La,Thành phố Sơn La,103.803972843,21.2451548060001
Tỉnh Sơn La,Huyện Quỳnh Nhai,103.480079295,21.524066793
Tỉnh Sơn La,Huyện Thuận Châu,103.330000313,21.2018340330001
Tỉnh Sơn La,Huyện Mường La,103.754730455,21.3094661870001
Tỉnh Sơn La,Huyện Bắc Yên,104.168190631,21.006402698
Tỉnh Sơn La,Huyện Phù Yên,104.486016186,21.0259467930001
Tỉnh Sơn La,Huyện Mộc Châu,104.417426491,20.6721165810001
Tỉnh Sơn La,Huyện Yên Châu,104.114827559,20.7989907580001
Tỉnh Sơn La,Huyện Mai Sơn,103.696687707,20.9589975280001
Tỉnh Sơn La,Huyện Sông Mã,103.397267328,20.846634577
Tỉnh Sơn La,Huyện Sốp Cộp,103.212374227,20.6613896640001
Tỉnh Sơn La,Huyện Vân Hồ,104.635642169,20.57357935
Tỉnh Yên Bái,Thành phố Yên Bái,104.820782338,21.6515723370001
Tỉnh Yên Bái,Thị xã Nghĩa Lộ,104.45194112,21.5648896160001
Tỉnh Yên Bái,Huyện Lục Yên,104.562331982,21.9308479650001
Tỉnh Yên Bái,Huyện Văn Yên,104.339928761,21.6615633230001
Tỉnh Yên Bái,Huyện Mù Căng Chải,103.886407839,21.6420572760001
Tỉnh Yên Bái,Huyện Trấn Yên,104.649378751,21.530977986
Tỉnh Yên Bái,Huyện Trạm Tấu,104.277286525,21.3514491060001
Tỉnh Yên Bái,Huyện Văn Chấn,104.267643792,21.3256638180001
Tỉnh Yên Bái,Huyện Yên Bình,104.745556813,21.646638555
Tỉnh Hoà Bình,Thành phố Hòa Bình,105.263345716,20.743414681
Tỉnh Hoà Bình,Huyện Đà Bắc,104.852637262,20.7516180980001
Tỉnh Hoà Bình,Huyện Lương Sơn,105.429910446,20.613587793
Tỉnh Hoà Bình,Huyện Kim Bôi,105.370224639,20.521782574
Tỉnh Hoà Bình,Huyện Cao Phong,105.177524299,20.592492065
Tỉnh Hoà Bình,Huyện Tân Lạc,105.111409016,20.451507486
Tỉnh Hoà Bình,Huyện Mai Châu,104.835278997,20.5574652080001
Tỉnh Hoà Bình,Huyện Lạc Sơn,105.258559685,20.359831823
Tỉnh Hoà Bình,Huyện Yên Thủy,105.540585707,20.3053927550001
Tỉnh Hoà Bình,Huyện Lạc Thủy,105.614047045,20.366376341
Tỉnh Thái Nguyên,Thành phố Thái Nguyên,105.700291721,21.5062785010001
Tỉnh Thái Nguyên,Thành phố Sông Công,105.752539467,21.439051954
Tỉnh Thái Nguyên,Huyện Định Hóa,105.493474116,21.7455633920001
Tỉnh Thái Nguyên,Huyện Phú Lương,105.62508245,21.6140618430001
Tỉnh Thái Nguyên,Huyện Đồng Hỷ,105.786383136,21.52031429
Tỉnh Thái Nguyên,Huyện Võ Nhai,105.848281051,21.604243152
Tỉnh Thái Nguyên,Huyện Đại Từ,105.477545578,21.430112099
Tỉnh Thái Nguyên,Thị xã Phổ Yên,105.666700901,21.3255286350001
Tỉnh Thái Nguyên,Huyện Phú Bình,105.876023271,21.3942335410001
Tỉnh Lạng Sơn,Thành phố Lạng Sơn,106.697924949,21.781697142
Tỉnh Lạng Sơn,Huyện Tràng Định,106.184883179,22.1428775420001
Tỉnh Lạng Sơn,Huyện Bình Gia,106.09595978,21.866112737
Tỉnh Lạng Sơn,Huyện Văn Lãng,106.434683927,21.8809754800001
Tỉnh Lạng Sơn,Huyện Cao Lộc,106.624664787,21.736992393
Tỉnh Lạng Sơn,Huyện Văn Quan,106.38912665,21.6861489020001
Tỉnh Lạng Sơn,Huyện Bắc Sơn,106.094903299,21.666598234
Tỉnh Lạng Sơn,Huyện Hữu Lũng,106.166861033,21.393731889
Tỉnh Lạng Sơn,Huyện Chi Lăng,106.420123346,21.5357686360001
Tỉnh Lạng Sơn,Huyện Lộc Bình,106.752394762,21.489450128
Tỉnh Lạng Sơn,Huyện Đình Lập,106.888673343,21.32519968
Tỉnh Quảng Ninh,Thành phố Hạ Long,106.886630073,20.739512749
Tỉnh Quảng Ninh,Thành phố Móng Cái,107.732724023,21.339473635
Tỉnh Quảng Ninh,Thành phố Cẩm Phả,107.169493222,20.9096394360001
Tỉnh Quảng Ninh,Thành phố Uông Bí,106.658003799,20.9749984220001
Tỉnh Quảng Ninh,Huyện Bình Liêu,107.273252613,21.437263537
Tỉnh Quảng Ninh,Huyện Tiên Yên,107.204659944,21.201776684
Tỉnh Quảng Ninh,Huyện Đầm Hà,107.467088107,21.223098524
Tỉnh Quảng Ninh,Huyện Hải Hà,107.515988197,21.25701063
Tỉnh Quảng Ninh,Huyện Ba Chẽ,106.973174804,21.13036936
Tỉnh Quảng Ninh,Huyện Vân Đồn,107.283954903,20.6873066970001
Tỉnh Quảng Ninh,Thị xã Đông Triều,106.439197076,21.0116676480001
Tỉnh Quảng Ninh,Thị xã Quảng Yên,106.767709893,20.8195720780001
Tỉnh Quảng Ninh,Huyện Cô Tô,107.731748893,20.9441774160001
Tỉnh Bắc Giang,Thành phố Bắc Giang,106.140516706,21.2163692440001
Tỉnh Bắc Giang,Huyện Yên Thế,106.030953483,21.4227307670001
Tỉnh Bắc Giang,Huyện Tân Yên,106.006577511,21.309046112
Tỉnh Bắc Giang,Huyện Lạng Giang,106.166407708,21.2731108790001
Tỉnh Bắc Giang,Huyện Lục Nam,106.291539222,21.1660383550001
Tỉnh Bắc Giang,Huyện Lục Ngạn,106.443538667,21.2653363810001
Tỉnh Bắc Giang,Huyện Sơn Động,106.67424124,21.149229458
Tỉnh Bắc Giang,Huyện Yên Dũng,106.142132108,21.1219011360001
Tỉnh Bắc Giang,Huyện Việt Yên,106.004080604,21.1982040890001
Tỉnh Bắc Giang,Huyện Hiệp Hòa,105.880524532,21.2227875200001
Tỉnh Phú Thọ,Thành phố Việt Trì,105.291606859,21.264762967
Tỉnh Phú Thọ,Thị xã Phú Thọ,105.176694677,21.3643615570001
Tỉnh Phú Thọ,Huyện Đoan Hùng,105.016205259,21.5107455780001
Tỉnh Phú Thọ,Huyện Hạ Hoà,104.867987175,21.483569662
Tỉnh Phú Thọ,Huyện Thanh Ba,105.076967214,21.3244124620001
Tỉnh Phú Thọ,Huyện Phù Ninh,105.211559111,21.3714925030001
Tỉnh Phú Thọ,Huyện Yên Lập,104.877196652,21.201355859
Tỉnh Phú Thọ,Huyện Cẩm Khê,104.978250247,21.268795073
Tỉnh Phú Thọ,Huyện Tam Nông,105.146745125,21.21654441
Tỉnh Phú Thọ,Huyện Lâm Thao,105.249266015,21.246884784
Tỉnh Phú Thọ,Huyện Thanh Sơn,105.035338841,20.916935134
Tỉnh Phú Thọ,Huyện Thanh Thuỷ,105.232714058,21.00235674
Tỉnh Phú Thọ,Huyện Tân Sơn,104.813587009,21.015017238
Tỉnh Vĩnh Phúc,Thành phố Vĩnh Yên,105.548261162,21.264866016
Tỉnh Vĩnh Phúc,Thành phố Phúc Yên,105.680554805,21.212406753
Tỉnh Vĩnh Phúc,Huyện Lập Thạch,105.423443899,21.294770897
Tỉnh Vĩnh Phúc,Huyện Tam Dương,105.499601421,21.2749269770001
Tỉnh Vĩnh Phúc,Huyện Tam Đảo,105.487357017,21.3442398180001
Tỉnh Vĩnh Phúc,Huyện Bình Xuyên,105.603170444,21.2157482750001
Tỉnh Vĩnh Phúc,Huyện Yên Lạc,105.522278095,21.152331781
Tỉnh Vĩnh Phúc,Huyện Vĩnh Tường,105.44328332,21.154962594
Tỉnh Vĩnh Phúc,Huyện Sông Lô,105.322688363,21.3258363730001
Tỉnh Bắc Ninh,Thành phố Bắc Ninh,106.019019912,21.1216938850001
Tỉnh Bắc Ninh,Huyện Yên Phong,105.90472447,21.156756253
Tỉnh Bắc Ninh,Huyện Quế Võ,106.088364745,21.073621012
Tỉnh Bắc Ninh,Huyện Tiên Du,105.969225625,21.0691977870001
Tỉnh Bắc Ninh,Thị xã Từ Sơn,105.912657279,21.069932619
Tỉnh Bắc Ninh,Huyện Thuận Thành,105.998939353,20.9833313010001
Tỉnh Bắc Ninh,Huyện Gia Bình,106.128601089,21.0126103220001
Tỉnh Bắc Ninh,Huyện Lương Tài,106.137677863,20.968238797
Tỉnh Hải Dương,Thành phố Hải Dương,106.260091489,20.893097186
Tỉnh Hải Dương,Thành phố Chí Linh,106.295474842,21.0196751500001
Tỉnh Hải Dương,Huyện Nam Sách,106.271658554,20.956524116
Tỉnh Hải Dương,Thị xã Kinh Môn,106.405853217,20.930747308
Tỉnh Hải Dương,Huyện Kim Thành,106.387710799,20.8512401
Tỉnh Hải Dương,Huyện Thanh Hà,106.345087291,20.799886573
Tỉnh Hải Dương,Huyện Cẩm Giàng,106.126676876,20.8998500370001
Tỉnh Hải Dương,Huyện Bình Giang,106.124641012,20.81820952
Tỉnh Hải Dương,Huyện Gia Lộc,106.23820243,20.7768429340001
Tỉnh Hải Dương,Huyện Tứ Kỳ,106.307615841,20.720390762
Tỉnh Hải Dương,Huyện Ninh Giang,106.262455832,20.6893068690001
Tỉnh Hải Dương,Huyện Thanh Miện,106.131451957,20.6841224030001
Thành phố Hải Phòng,Quận Hồng Bàng,106.599478253,20.853563385
Thành phố Hải Phòng,Quận Ngô Quyền,106.67954309,20.8274991910001
Thành phố Hải Phòng,Quận Lê Chân,106.658564394,20.815404433
Thành phố Hải Phòng,Quận Hải An,106.69993759,20.7787740050001
Thành phố Hải Phòng,Quận Kiến An,106.594201342,20.7689883940001
Thành phố Hải Phòng,Quận Đồ Sơn,106.709687978,20.665754792
Thành phố Hải Phòng,Quận Dương Kinh,106.648343889,20.7412058310001
Thành phố Hải Phòng,Huyện Thuỷ Nguyên,106.55473953,20.8639547290001
Thành phố Hải Phòng,Huyện An Dương,106.527184629,20.81672804
Thành phố Hải Phòng,Huyện An Lão,106.477082971,20.725578355
Thành phố Hải Phòng,Huyện Kiến Thuỵ,106.601301037,20.6862323410001
Thành phố Hải Phòng,Huyện Tiên Lãng,106.485832984,20.625013719
Thành phố Hải Phòng,Huyện Vĩnh Bảo,106.400876677,20.597919813
Thành phố Hải Phòng,Huyện Cát Hải,106.83616751,20.6131708770001
Thành phố Hải Phòng,Huyện Bạch Long Vĩ,107.716621313,20.1271484690001
Tỉnh Hưng Yên,Thành phố Hưng Yên,106.004407922,20.6032446670001
Tỉnh Hưng Yên,Huyện Văn Lâm,105.961210618,20.937653031
Tỉnh Hưng Yên,Huyện Văn Giang,105.895388504,20.88304221
Tỉnh Hưng Yên,Huyện Yên Mỹ,105.961935407,20.8353003080001
Tỉnh Hưng Yên,Thị xã Mỹ Hào,106.031606244,20.873382265
Tỉnh Hưng Yên,Huyện Ân Thi,106.033579165,20.7265737970001
Tỉnh Hưng Yên,Huyện Khoái Châu,105.910871206,20.757241734
Tỉnh Hưng Yên,Huyện Kim Động,105.965210833,20.6945263380001
Tỉnh Hưng Yên,Huyện Tiên Lữ,106.075940392,20.632499221
Tỉnh Hưng Yên,Huyện Phù Cừ,106.11807364,20.6411340650001
Tỉnh Thái Bình,Thành phố Thái Bình,106.296962142,20.399539937
Tỉnh Thái Bình,Huyện Quỳnh Phụ,106.248964817,20.566702988
Tỉnh Thái Bình,Huyện Hưng Hà,106.110002917,20.5115972180001
Tỉnh Thái Bình,Huyện Đông Hưng,106.235187782,20.482382522
Tỉnh Thái Bình,Huyện Thái Thụy,106.430976741,20.442850843
Tỉnh Thái Bình,Huyện Tiền Hải,106.462630735,20.253033293
Tỉnh Thái Bình,Huyện Kiến Xương,106.356336208,20.2893971550001
Tỉnh Hà Nam,Thành phố Phủ Lý,105.8766853,20.4835883750001
Tỉnh Hà Nam,Thị xã Duy Tiên,105.890993613,20.5585924660001
Tỉnh Hà Nam,Huyện Kim Bảng,105.769778262,20.47751269
Tỉnh Hà Nam,Huyện Thanh Liêm,105.85143138,20.3631382670001
Tỉnh Hà Nam,Huyện Bình Lục,105.980974559,20.3955570410001
Tỉnh Hà Nam,Huyện Lý Nhân,105.980900693,20.468469021
Tỉnh Nam Định,Thành phố Nam Định,106.117928487,20.3755923640001
Tỉnh Nam Định,Huyện Mỹ Lộc,106.042784237,20.41124302
Tỉnh Nam Định,Huyện Vụ Bản,106.019916883,20.3009392880001
Tỉnh Nam Định,Huyện Ý Yên,105.924254006,20.2170467550001
Tỉnh Nam Định,Huyện Nghĩa Hưng,106.095022338,19.8898377780001
Tỉnh Nam Định,Huyện Nam Trực,106.147780551,20.25136337
Tỉnh Nam Định,Huyện Trực Ninh,106.177438532,20.142260423
Tỉnh Nam Định,Huyện Xuân Trường,106.293952791,20.216790362
Tỉnh Nam Định,Huyện Giao Thủy,106.350519132,20.178002216
Tỉnh Nam Định,Huyện Hải Hậu,106.178322144,19.987986113
Tỉnh Ninh Bình,Thành phố Ninh Bình,105.927275976,20.1993614470001
Tỉnh Ninh Bình,Thành phố Tam Điệp,105.792617578,20.1020515430001
Tỉnh Ninh Bình,Huyện Nho Quan,105.542850372,20.16851353
Tỉnh Ninh Bình,Huyện Gia Viễn,105.794817261,20.2328465960001
Tỉnh Ninh Bình,Huyện Hoa Lư,105.877450901,20.1723225380001
Tỉnh Ninh Bình,Huyện Yên Khánh,105.987651015,20.123869644
Tỉnh Ninh Bình,Huyện Kim Sơn,106.024606693,19.9174696900001
Tỉnh Ninh Bình,Huyện Yên Mô,105.923920724,20.0597814870001
Tỉnh Thanh Hóa,Thành phố Thanh Hóa,105.722979656,19.731987551
Tỉnh Thanh Hóa,Thị xã Bỉm Sơn,105.834317434,20.0443894690001
Tỉnh Thanh Hóa,Thành phố Sầm Sơn,105.878520073,19.7205852430001
Tỉnh Thanh Hóa,Huyện Mường Lát,104.374316969,20.3685810900001
Tỉnh Thanh Hóa,Huyện Quan Hóa,104.701445648,20.301899765
Tỉnh Thanh Hóa,Huyện Bá Thước,105.069475531,20.1854797660001
Tỉnh Thanh Hóa,Huyện Quan Sơn,104.609304076,20.098325323
Tỉnh Thanh Hóa,Huyện Lang Chánh,104.972802053,20.001952051
Tỉnh Thanh Hóa,Huyện Ngọc Lặc,105.246713147,19.92044787
Tỉnh Thanh Hóa,Huyện Cẩm Thủy,105.314378572,20.0727047570001
Tỉnh Thanh Hóa,Huyện Thạch Thành,105.409796618,20.036066991
Tỉnh Thanh Hóa,Huyện Hà Trung,105.745014697,19.9537774350001
Tỉnh Thanh Hóa,Huyện Vĩnh Lộc,105.553901201,19.957688881
Tỉnh Thanh Hóa,Huyện Yên Định,105.460257197,19.93052629
Tỉnh Thanh Hóa,Huyện Thọ Xuân,105.372920846,19.815832614
Tỉnh Thanh Hóa,Huyện Thường Xuân,104.912062711,19.7091778130001
Tỉnh Thanh Hóa,Huyện Triệu Sơn,105.42630482,19.712230834
Tỉnh Thanh Hóa,Huyện Thiệu Hóa,105.582044039,19.8385271060001
Tỉnh Thanh Hóa,Huyện Hoằng Hóa,105.757332094,19.7702674340001
Tỉnh Thanh Hóa,Huyện Hậu Lộc,105.769998286,19.8800587060001
Tỉnh Thanh Hóa,Huyện Nga Sơn,105.910066161,19.940113653
Tỉnh Thanh Hóa,Huyện Như Xuân,105.153393723,19.44192007
Tỉnh Thanh Hóa,Huyện Như Thanh,105.447758349,19.3682779390001
Tỉnh Thanh Hóa,Huyện Nông Cống,105.595691954,19.47718766
Tỉnh Thanh Hóa,Huyện Đông Sơn,105.647683534,19.727988215
Tỉnh Thanh Hóa,Huyện Quảng Xương,105.711346124,19.580242835
Tỉnh Thanh Hóa,Thị xã Nghi Sơn,105.629143217,19.2876868810001
Tỉnh Nghệ An,Thành phố Vinh,105.633982842,18.639622322
Tỉnh Nghệ An,Thị xã Cửa Lò,105.690640001,18.748910628
Tỉnh Nghệ An,Thị xã Thái Hoà,105.34482414,19.230355848
Tỉnh Nghệ An,Huyện Quế Phong,104.628930926,19.4127745370001
Tỉnh Nghệ An,Huyện Quỳ Châu,104.8177741,19.323351367
Tỉnh Nghệ An,Huyện Kỳ Sơn,103.874272909,19.1104649760001
Tỉnh Nghệ An,Huyện Tương Dương,104.266902751,18.9805240790001
Tỉnh Nghệ An,Huyện Nghĩa Đàn,105.293081435,19.172629204
Tỉnh Nghệ An,Huyện Quỳ Hợp,104.972105556,19.158732892
Tỉnh Nghệ An,Huyện Quỳnh Lưu,105.433235826,19.0848050550001
Tỉnh Nghệ An,Huyện Con Cuông,104.529638312,18.7736787870001
Tỉnh Nghệ An,Huyện Tân Kỳ,105.045178945,18.975266263
Tỉnh Nghệ An,Huyện Anh Sơn,104.899465938,18.759971013
Tỉnh Nghệ An,Huyện Diễn Châu,105.495869804,18.8583519470001
Tỉnh Nghệ An,Huyện Yên Thành,105.298050166,18.878400689
Tỉnh Nghệ An,Huyện Đô Lương,105.218165747,18.7741732710001
Tỉnh Nghệ An,Huyện Thanh Chương,104.935508947,18.5789066990001
Tỉnh Nghệ An,Huyện Nghi Lộc,105.466120068,18.6877209150001
Tỉnh Nghệ An,Huyện Nam Đàn,105.403271245,18.5531138630001
Tỉnh Nghệ An,Huyện Hưng Nguyên,105.554333667,18.568180324
Tỉnh Nghệ An,Thị xã Hoàng Mai,105.624283018,19.185702319
Tỉnh Hà Tĩnh,Thành phố Hà Tĩnh,105.860874831,18.3077733380001
Tỉnh Hà Tĩnh,Thị xã Hồng Lĩnh,105.660658805,18.486909693
Tỉnh Hà Tĩnh,Huyện Hương Sơn,105.104149375,18.2677234810001
Tỉnh Hà Tĩnh,Huyện Đức Thọ,105.53842479,18.3935368140001
Tỉnh Hà Tĩnh,Huyện Vũ Quang,105.256093635,18.1545508830001
Tỉnh Hà Tĩnh,Huyện Nghi Xuân,105.674329257,18.5239094470001
Tỉnh Hà Tĩnh,Huyện Can Lộc,105.630665446,18.3209425960001
Tỉnh Hà Tĩnh,Huyện Hương Khê,105.45180973,17.99164361
Tỉnh Hà Tĩnh,Huyện Thạch Hà,105.749290811,18.1719261870001
Tỉnh Hà Tĩnh,Huyện Cẩm Xuyên,105.854586242,18.0340101240001
Tỉnh Hà Tĩnh,Huyện Kỳ Anh,106.014471063,17.9106663430001
Tỉnh Hà Tĩnh,Huyện Lộc Hà,105.810602999,18.386961048
Tỉnh Hà Tĩnh,Thị xã Kỳ Anh,106.255035413,17.9496511410001
Tỉnh Quảng Bình,Thành Phố Đồng Hới,106.492392881,17.3657391620001
Tỉnh Quảng Bình,Huyện Minh Hóa,105.608365247,17.5028991140001
Tỉnh Quảng Bình,Huyện Tuyên Hóa,105.642200654,17.70963298
Tỉnh Quảng Bình,Huyện Quảng Trạch,106.261207837,17.753514796
Tỉnh Quảng Bình,Huyện Bố Trạch,105.964408279,17.2438472040001
Tỉnh Quảng Bình,Huyện Quảng Ninh,106.287663534,17.070772397
Tỉnh Quảng Bình,Huyện Lệ Thủy,106.402292078,16.9219646070001
Tỉnh Quảng Bình,Thị xã Ba Đồn,106.235360543,17.6761275490001
Tỉnh Quảng Trị,Thành phố Đông Hà,107.030546166,16.7434753050001
Tỉnh Quảng Trị,Thị xã Quảng Trị,107.067380959,16.6279244900001
Tỉnh Quảng Trị,Huyện Vĩnh Linh,106.681498431,16.889195891
Tỉnh Quảng Trị,Huyện Hướng Hóa,106.515453464,16.410587032
Tỉnh Quảng Trị,Huyện Gio Linh,106.68636699,16.810219546
Tỉnh Quảng Trị,Huyện Đa Krông,106.711508374,16.2966460170001
Tỉnh Quảng Trị,Huyện Cam Lộ,106.830019224,16.6849699740001
Tỉnh Quảng Trị,Huyện Triệu Phong,107.002373287,16.6450696220001
Tỉnh Quảng Trị,Huyện Hải Lăng,107.079961067,16.5665174280001
Tỉnh Quảng Trị,Huyện Cồn Cỏ,107.331743022,17.1501777140001
Tỉnh Thừa Thiên Huế,Thành phố Huế,107.525669329,16.398575156
Tỉnh Thừa Thiên Huế,Huyện Phong Điền,107.056590179,16.345500395
Tỉnh Thừa Thiên Huế,Huyện Quảng Điền,107.407220004,16.5124788380001
Tỉnh Thừa Thiên Huế,Huyện Phú Vang,107.574117905,16.335229971
Tỉnh Thừa Thiên Huế,Thị xã Hương Thủy,107.495687687,16.15629569
Tỉnh Thừa Thiên Huế,Thị xã Hương Trà,107.329036353,16.2541138610001
Tỉnh Thừa Thiên Huế,Huyện A Lưới,107.084421588,16.015047453
Tỉnh Thừa Thiên Huế,Huyện Phú Lộc,107.648470407,16.16419962
Tỉnh Thừa Thiên Huế,Huyện Nam Đông,107.509569188,15.9948714070001
Thành phố Đà Nẵng,Quận Liên Chiểu,108.087472449,16.032894791
Thành phố Đà Nẵng,Quận Thanh Khê,108.167534742,16.023126452
Thành phố Đà Nẵng,Quận Hải Châu,108.187599881,16.0228350370001
Thành phố Đà Nẵng,Quận Sơn Trà,108.213197387,16.05051422
Thành phố Đà Nẵng,Quận Ngũ Hành Sơn,108.216755174,15.9566470500001
Thành phố Đà Nẵng,Quận Cẩm Lệ,108.155869777,15.971823688
Thành phố Đà Nẵng,Huyện Hòa Vang,107.81867521,15.918110728
Thành phố Đà Nẵng,Huyện Hoàng Sa,111.206695674,15.7776774770001
Tỉnh Quảng Nam,Thành phố Tam Kỳ,108.441684723,15.509259319
Tỉnh Quảng Nam,Thành phố Hội An,108.289756947,15.811268043
Tỉnh Quảng Nam,Huyện Tây Giang,107.210226215,15.7252397300001
Tỉnh Quảng Nam,Huyện Đông Giang,107.587661339,15.757776979
Tỉnh Quảng Nam,Huyện Đại Lộc,107.800693575,15.7201398930001
Tỉnh Quảng Nam,Thị xã Điện Bàn,108.129145993,15.8300153180001
Tỉnh Quảng Nam,Huyện Duy Xuyên,108.041324786,15.714130358
Tỉnh Quảng Nam,Huyện Quế Sơn,108.119046824,15.61937569
Tỉnh Quảng Nam,Huyện Nam Giang,107.249630668,15.3860517700001
Tỉnh Quảng Nam,Huyện Phước Sơn,107.659899726,15.1930158750001
Tỉnh Quảng Nam,Huyện Hiệp Đức,107.948443512,15.3920417960001
Tỉnh Quảng Nam,Huyện Thăng Bình,108.21768621,15.583417098
Tỉnh Quảng Nam,Huyện Tiên Phước,108.128271853,15.3798737390001
Tỉnh Quảng Nam,Huyện Bắc Trà My,107.945402891,15.118279054
Tỉnh Quảng Nam,Huyện Nam Trà My,107.927393194,14.9511242190001
Tỉnh Quảng Nam,Huyện Núi Thành,108.421712528,15.308205441
Tỉnh Quảng Nam,Huyện Phú Ninh,108.317392772,15.392396266
Tỉnh Quảng Nam,Huyện Nông Sơn,107.837588342,15.536513717
Tỉnh Quảng Ngãi,Thành phố Quảng Ngãi,108.758754105,15.0941452600001
Tỉnh Quảng Ngãi,Huyện Bình Sơn,108.576945011,15.198066715
Tỉnh Quảng Ngãi,Huyện Trà Bồng,108.359847335,15.1034834880001
Tỉnh Quảng Ngãi,Huyện Sơn Tịnh,108.57699477,15.1270442640001
Tỉnh Quảng Ngãi,Huyện Tư Nghĩa,108.614751837,15.0195484980001
Tỉnh Quảng Ngãi,Huyện Sơn Hà,108.319955292,14.790202654
Tỉnh Quảng Ngãi,Huyện Sơn Tây,108.235223317,14.8218037120001
Tỉnh Quảng Ngãi,Huyện Minh Long,108.576527487,14.8500939190001
Tỉnh Quảng Ngãi,Huyện Nghĩa Hành,108.687954116,14.847161317
Tỉnh Quảng Ngãi,Huyện Mộ Đức,108.791349136,14.8786275630001
Tỉnh Quảng Ngãi,Thị xã Đức Phổ,108.816609297,14.578635653
Tỉnh Quảng Ngãi,Huyện Ba Tơ,108.480725808,14.5329867460001
Tỉnh Quảng Ngãi,Huyện Lý Sơn,109.077680963,15.3686640660001
Tỉnh Bình Định,Thành phố Quy Nhơn,109.090094913,13.6037171460001
Tỉnh Bình Định,Huyện An Lão,108.62791118,14.365305103
Tỉnh Bình Định,Thị xã Hoài Nhơn,108.939127911,14.3555070400001
Tỉnh Bình Định,Huyện Hoài Ân,108.774048641,14.1430482590001
Tỉnh Bình Định,Huyện Phù Mỹ,108.964290771,14.081931657
Tỉnh Bình Định,Huyện Vĩnh Thạnh,108.602247652,14.020543063
Tỉnh Bình Định,Huyện Tây Sơn,108.744586207,13.7535931050001
Tỉnh Bình Định,Huyện Phù Cát,108.868384339,13.9016399440001
Tỉnh Bình Định,Thị xã An Nhơn,108.950810662,13.7523999220001
Tỉnh Bình Định,Huyện Tuy Phước,109.054951533,13.744894759
Tỉnh Bình Định,Huyện Vân Canh,108.814085825,13.515079563
Tỉnh Phú Yên,Thành phố Tuy Hoà,109.178315962,13.01446895
Tỉnh Phú Yên,Thị xã Sông Cầu,109.091509263,13.3598123900001
Tỉnh Phú Yên,Huyện Đồng Xuân,108.703570266,13.2397294460001
Tỉnh Phú Yên,Huyện Tuy An,109.092975078,13.1426249260001
Tỉnh Phú Yên,Huyện Sơn Hòa,108.75600853,13.0105012970001
Tỉnh Phú Yên,Huyện Sông Hinh,108.673091784,12.7054069060001
Tỉnh Phú Yên,Huyện Tây Hoà,109.002284683,12.7805471790001
Tỉnh Phú Yên,Huyện Phú Hoà,109.079098593,12.983638442
Tỉnh Phú Yên,Thị xã Đông Hòa,109.271989383,12.8259088830001
Tỉnh Khánh Hòa,Thành phố Nha Trang,109.110859607,12.141705888
Tỉnh Khánh Hòa,Thành phố Cam Ranh,108.999888976,11.7691540590001
Tỉnh Khánh Hòa,Huyện Cam Lâm,108.940500209,11.9370226360001
Tỉnh Khánh Hòa,Huyện Vạn Ninh,109.085174793,12.5471254330001
Tỉnh Khánh Hòa,Thị xã Ninh Hòa,108.87079298,12.3436084190001
Tỉnh Khánh Hòa,Huyện Khánh Vĩnh,108.669676534,12.0876628390001
Tỉnh Khánh Hòa,Huyện Diên Khánh,108.933358723,12.166892368
Tỉnh Khánh Hòa,Huyện Khánh Sơn,108.78347907,11.9156160680001
Tỉnh Khánh Hòa,Huyện Trường Sa,111.916566933,7.89146445900008
Tỉnh Ninh Thuận,Thành phố Phan Rang-Tháp Chàm,108.91713535,11.5303530800001
Tỉnh Ninh Thuận,Huyện Bác Ái,108.660305197,11.6582590200001
Tỉnh Ninh Thuận,Huyện Ninh Sơn,108.552482227,11.5000615010001
Tỉnh Ninh Thuận,Huyện Ninh Hải,108.956036507,11.5631709240001
Tỉnh Ninh Thuận,Huyện Ninh Phước,108.733211349,11.468357144
Tỉnh Ninh Thuận,Huyện Thuận Bắc,108.968422962,11.6283356450001
Tỉnh Ninh Thuận,Huyện Thuận Nam,108.664007794,11.3068508700001
Tỉnh Bình Thuận,Thành phố Phan Thiết,107.993129789,10.778233073
Tỉnh Bình Thuận,Thị xã La Gi,107.691767663,10.6312795490001
Tỉnh Bình Thuận,Huyện Tuy Phong,108.500716797,11.127061229
Tỉnh Bình Thuận,Huyện Bắc Bình,108.105878079,10.996347488
Tỉnh Bình Thuận,Huyện Hàm Thuận Bắc,107.801648618,10.9405340180001
Tỉnh Bình Thuận,Huyện Hàm Thuận Nam,107.755490154,10.694509327
Tỉnh Bình Thuận,Huyện Tánh Linh,107.507892347,10.90795035
Tỉnh Bình Thuận,Huyện Đức Linh,107.394570011,11.006974406
Tỉnh Bình Thuận,Huyện Hàm Tân,107.503884435,10.569552936
Tỉnh Bình Thuận,Huyện Phú Quí,108.869774159242,9.96425497900003
Tỉnh Kon Tum,Thành phố Kon Tum,107.850029875,14.2283719220001
Tỉnh Kon Tum,Huyện Đắk Glei,107.466419461,14.8565144510001
Tỉnh Kon Tum,Huyện Ngọc Hồi,107.507084237,14.5032072880001
Tỉnh Kon Tum,Huyện Đắk Tô,107.701782718,14.521173983
Tỉnh Kon Tum,Huyện Kon Plông,108.125137675,14.543699862
Tỉnh Kon Tum,Huyện Kon Rẫy,108.059422475,14.33405293
Tỉnh Kon Tum,Huyện Đắk Hà,107.86137928,14.3971901250001
Tỉnh Kon Tum,Huyện Sa Thầy,107.419099232,13.9960801890001
Tỉnh Kon Tum,Huyện Tu Mơ Rông,107.775308597,14.7375804500001
Tỉnh Kon Tum,Huyện Ia H' Drai,107.332476685,13.9209134330001
Tỉnh Gia Lai,Thành phố Pleiku,107.839910552,13.8338416880001
Tỉnh Gia Lai,Thị xã An Khê,108.625042089,13.915355216
Tỉnh Gia Lai,Thị xã Ayun Pa,108.310726941,13.1806772780001
Tỉnh Gia Lai,Huyện KBang,108.291231382,13.9996691710001
Tỉnh Gia Lai,Huyện Đăk Đoa,107.997993546,13.8347693920001
Tỉnh Gia Lai,Huyện Chư Păh,107.658267857,14.0518078710001
Tỉnh Gia Lai,Huyện Ia Grai,107.454776586,13.8412842320001
Tỉnh Gia Lai,Huyện Mang Yang,108.161290216,13.672814139
Tỉnh Gia Lai,Huyện Kông Chro,108.350298407,13.554775681
Tỉnh Gia Lai,Huyện Đức Cơ,107.450321162,13.6180654390001
Tỉnh Gia Lai,Huyện Chư Prông,107.574084674,13.3042026530001
Tỉnh Gia Lai,Huyện Chư Sê,107.971554984,13.5329211280001
Tỉnh Gia Lai,Huyện Đăk Pơ,108.414666215,13.7896364900001
Tỉnh Gia Lai,Huyện Ia Pa,108.282157846,13.360080285
Tỉnh Gia Lai,Huyện Krông Pa,108.43680237,12.995682985
Tỉnh Gia Lai,Huyện Phú Thiện,108.20220672,13.3462981640001
Tỉnh Gia Lai,Huyện Chư Pưh,107.919179101,13.3730002340001
Tỉnh Đắk Lắk,Thành phố Buôn Ma Thuột,107.892030286,12.5534823630001
Tỉnh Đắk Lắk,Thị Xã Buôn Hồ,108.187613867,12.752580112
Tỉnh Đắk Lắk,Huyện Ea H'leo,107.954834474,13.0471176880001
Tỉnh Đắk Lắk,Huyện Ea Súp,107.512842121,12.9615896190001
Tỉnh Đắk Lắk,Huyện Buôn Đôn,107.484515791,12.6684540470001
Tỉnh Đắk Lắk,Huyện Cư M'gar,107.917006664,12.715632312
Tỉnh Đắk Lắk,Huyện Krông Búk,108.096153528,12.900506169
Tỉnh Đắk Lắk,Huyện Krông Năng,108.274052361,12.840490964
Tỉnh Đắk Lắk,Huyện Ea Kar,108.371619413,12.5728714140001
Tỉnh Đắk Lắk,Huyện M'Đrắk,108.58219412,12.45302847
Tỉnh Đắk Lắk,Huyện Krông Bông,108.176226389,12.2768578660001
Tỉnh Đắk Lắk,Huyện Krông Pắc,108.131526293,12.5362216250001
Tỉnh Đắk Lắk,Huyện Krông A Na,107.886654404,12.3976002090001
Tỉnh Đắk Lắk,Huyện Lắk,107.912583331,12.161139242
Tỉnh Đắk Lắk,Huyện Cư Kuin,108.060532585,12.490786009
Tỉnh Đắk Nông,Thành phố Gia Nghĩa,107.576691193,11.8854656390001
Tỉnh Đắk Nông,Huyện Đăk Glong,107.716343743,11.790252148
Tỉnh Đắk Nông,Huyện Cư Jút,107.558778018,12.549360361
Tỉnh Đắk Nông,Huyện Đắk Mil,107.54334922,12.338778819
Tỉnh Đắk Nông,Huyện Krông Nô,107.700001426,12.188264561
Tỉnh Đắk Nông,Huyện Đắk Song,107.437137525,12.044072602
Tỉnh Đắk Nông,Huyện Đắk R'Lấp,107.366398101,11.7491384620001
Tỉnh Đắk Nông,Huyện Tuy Đức,107.20459804,11.9329049200001
Tỉnh Lâm Đồng,Thành phố Đà Lạt,108.315380038,11.8093427530001
Tỉnh Lâm Đồng,Thành phố Bảo Lộc,107.696171778,11.4386147050001
Tỉnh Lâm Đồng,Huyện Đam Rông,107.963383524,11.8537520460001
Tỉnh Lâm Đồng,Huyện Lạc Dương,108.275805911,11.9254886630001
Tỉnh Lâm Đồng,Huyện Lâm Hà,107.969073208,11.6502486320001
Tỉnh Lâm Đồng,Huyện Đơn Dương,108.392397816,11.639727141
Tỉnh Lâm Đồng,Huyện Đức Trọng,108.215169488,11.5054667250001
Tỉnh Lâm Đồng,Huyện Di Linh,107.873902274,11.215566645
Tỉnh Lâm Đồng,Huyện Bảo Lâm,107.4854843,11.357380296
Tỉnh Lâm Đồng,Huyện Đạ Huoai,107.474950854,11.3224853410001
Tỉnh Lâm Đồng,Huyện Đạ Tẻh,107.396813271,11.419190132
Tỉnh Lâm Đồng,Huyện Cát Tiên,107.265863652,11.5151087730001
Tỉnh Bình Phước,Thị xã Phước Long,106.922892892,11.773532415
Tỉnh Bình Phước,Thành phố Đồng Xoài,106.755323456,11.460987215
Tỉnh Bình Phước,Thị xã Bình Long,106.496085675,11.603666348
Tỉnh Bình Phước,Huyện Bù Gia Mập,106.748496471,11.8226067460001
Tỉnh Bình Phước,Huyện Lộc Ninh,106.410852572,11.6576249250001
Tỉnh Bình Phước,Huyện Bù Đốp,106.670305982,11.8796603500001
Tỉnh Bình Phước,Huyện Hớn Quản,106.422743569,11.4678874470001
Tỉnh Bình Phước,Huyện Đồng Phú,106.764758621,11.3015604230001
Tỉnh Bình Phước,Huyện Bù Đăng,107.048576339,11.501133839
Tỉnh Bình Phước,Huyện Chơn Thành,106.539299444,11.35450525
Tỉnh Bình Phước,Huyện Phú Riềng,106.740945919,11.6049414190001
Tỉnh Tây Ninh,Thành phố Tây Ninh,106.070418678,11.29391679
Tỉnh Tây Ninh,Huyện Tân Biên,105.807316673,11.392147719
Tỉnh Tây Ninh,Huyện Tân Châu,106.105954194,11.408027552
Tỉnh Tây Ninh,Huyện Dương Minh Châu,106.138217778,11.188358984
Tỉnh Tây Ninh,Huyện Châu Thành,105.86222287,11.1796866830001
Tỉnh Tây Ninh,Thị xã Hòa Thành,106.087552453,11.2098457540001
Tỉnh Tây Ninh,Huyện Gò Dầu,106.138657424,11.0470545470001
Tỉnh Tây Ninh,Huyện Bến Cầu,106.013977023,11.0527215590001
Tỉnh Tây Ninh,Thị xã Trảng Bàng,106.160750493,10.962814398
Tỉnh Bình Dương,Thành phố Thủ Dầu Một,106.595185996,10.93960652
Tỉnh Bình Dương,Huyện Bàu Bàng,106.498923041,11.153142256
Tỉnh Bình Dương,Huyện Dầu Tiếng,106.326752365,11.1355553270001
Tỉnh Bình Dương,Thị xã Bến Cát,106.508040909,11.0350407070001
Tỉnh Bình Dương,Huyện Phú Giáo,106.643914862,11.1877150330001
Tỉnh Bình Dương,Thị xã Tân Uyên,106.677918156,11.019800495
Tỉnh Bình Dương,Thành phố Dĩ An,106.735550666,10.8641862530001
Tỉnh Bình Dương,Thành phố Thuận An,106.65000669,10.8660432510001
Tỉnh Bình Dương,Huyện Bắc Tân Uyên,106.683845458,10.959289035
Tỉnh Đồng Nai,Thành phố Biên Hòa,106.762354395,10.8224606470001
Tỉnh Đồng Nai,Thành phố Long Khánh,107.157610914,10.845783399
Tỉnh Đồng Nai,Huyện Tân Phú,107.175719332,11.1763839400001
Tỉnh Đồng Nai,Huyện Vĩnh Cửu,106.774784613,10.9737637420001
Tỉnh Đồng Nai,Huyện Định Quán,107.108667803,11.0242144650001
Tỉnh Đồng Nai,Huyện Trảng Bom,106.904373785,10.8589327560001
Tỉnh Đồng Nai,Huyện Thống Nhất,107.05870984,10.8489349920001
Tỉnh Đồng Nai,Huyện Cẩm Mỹ,107.072445733,10.6689515410001
Tỉnh Đồng Nai,Huyện Long Thành,106.864613819,10.643651418
Tỉnh Đồng Nai,Huyện Xuân Lộc,107.237813511,10.7654035910001
Tỉnh Đồng Nai,Huyện Nhơn Trạch,106.751401199,10.5790132560001
Tỉnh Bà Rịa - Vũng Tàu,Thành phố Vũng Tàu,107.036188376,10.322885586
Tỉnh Bà Rịa - Vũng Tàu,Thành phố Bà Rịa,107.113041711,10.454550441
Tỉnh Bà Rịa - Vũng Tàu,Huyện Châu Đức,107.136190551,10.537454128
Tỉnh Bà Rịa - Vũng Tàu,Huyện Xuyên Mộc,107.340872677,10.4565741480001
Tỉnh Bà Rịa - Vũng Tàu,Huyện Long Điền,107.169749134,10.3775407370001
Tỉnh Bà Rịa - Vũng Tàu,Huyện Đất Đỏ,107.238727618,10.3795338900001
Tỉnh Bà Rịa - Vũng Tàu,Thị xã Phú Mỹ,106.996538794,10.4676429830001
Tỉnh Bà Rịa - Vũng Tàu,Huyện Côn Đảo,106.081159102,8.57782026100006
Thành phố Hồ Chí Minh,Quận 1,106.681156818,10.753508218
Thành phố Hồ Chí Minh,Quận 12,106.603695019,10.818621212
Thành phố Hồ Chí Minh,Quận Gò Vấp,106.632544902,10.809818518
Thành phố Hồ Chí Minh,Quận Bình Thạnh,106.683803633,10.7853255900001
Thành phố Hồ Chí Minh,Quận Tân Bình,106.627602431,10.7683194570001
Thành phố Hồ Chí Minh,Quận Tân Phú,106.607282706,10.7583595150001
Thành phố Hồ Chí Minh,Quận Phú Nhuận,106.666341518,10.7883234670001
Thành phố Hồ Chí Minh,Thành phố Thủ Đức,106.708245348,10.740843193
Thành phố Hồ Chí Minh,Quận 3,106.664533209,10.765653683
Thành phố Hồ Chí Minh,Quận 10,106.656045336,10.758518093
Thành phố Hồ Chí Minh,Quận 11,106.634230656,10.7535622020001
Thành phố Hồ Chí Minh,Quận 4,106.684533249,10.750773372
Thành phố Hồ Chí Minh,Quận 5,106.650529755,10.74620507
Thành phố Hồ Chí Minh,Quận 6,106.621064916,10.730007342
Thành phố Hồ Chí Minh,Quận 8,106.597742436,10.6924885180001
Thành phố Hồ Chí Minh,Quận Bình Tân,106.558880575,10.7109577840001
Thành phố Hồ Chí Minh,Quận 7,106.689750926,10.6976063280001
Thành phố Hồ Chí Minh,Huyện Củ Chi,106.356874837,10.914529492
Thành phố Hồ Chí Minh,Huyện Hóc Môn,106.495712261,10.8254685950001
Thành phố Hồ Chí Minh,Huyện Bình Chánh,106.463746007,10.6266417250001
Thành phố Hồ Chí Minh,Huyện Nhà Bè,106.673397426,10.576264054
Thành phố Hồ Chí Minh,Huyện Cần Giờ,106.735447338,10.377192445
Tỉnh Long An,Thành phố Tân An,106.34773127,10.475860261
Tỉnh Long An,Thị xã Kiến Tường,105.81768427,10.691772171
Tỉnh Long An,Huyện Tân Hưng,105.499035248,10.653567588
Tỉnh Long An,Huyện Vĩnh Hưng,105.6381213,10.731326906
Tỉnh Long An,Huyện Mộc Hóa,105.921149118,10.652395841
Tỉnh Long An,Huyện Tân Thạnh,105.807975771,10.522622884
Tỉnh Long An,Huyện Thạnh Hóa,106.035964971,10.5750993120001
Tỉnh Long An,Huyện Đức Huệ,106.135768992,10.741991448
Tỉnh Long An,Huyện Đức Hòa,106.270403748,10.740388642
Tỉnh Long An,Huyện Bến Lức,106.332092986,10.5888951050001
Tỉnh Long An,Huyện Thủ Thừa,106.229855226,10.543058473
Tỉnh Long An,Huyện Tân Trụ,106.437575367,10.4602289150001
Tỉnh Long An,Huyện Cần Đước,106.483138227,10.4359051330001
Tỉnh Long An,Huyện Cần Giuộc,106.541609896,10.496609816
Tỉnh Long An,Huyện Châu Thành,106.414080641,10.3956199950001
Tỉnh Tiền Giang,Thành phố Mỹ Tho,106.287625045,10.3189691380001
Tỉnh Tiền Giang,Thị xã Gò Công,106.584109209,10.3347983400001
Tỉnh Tiền Giang,Thị xã Cai Lậy,106.084322178,10.3511319940001
Tỉnh Tiền Giang,Huyện Tân Phước,106.090008536,10.4295343920001
Tỉnh Tiền Giang,Huyện Cái Bè,105.815813145,10.274021277
Tỉnh Tiền Giang,Huyện Cai Lậy,106.000588253,10.276724573
Tỉnh Tiền Giang,Huyện Châu Thành,106.178892935,10.3138809610001
Tỉnh Tiền Giang,Huyện Chợ Gạo,106.345453128,10.2978561580001
Tỉnh Tiền Giang,Huyện Gò Công Tây,106.515209827,10.2760283600001
Tỉnh Tiền Giang,Huyện Gò Công Đông,106.660495565,10.265624314
Tỉnh Tiền Giang,Huyện Tân Phú Đông,106.475630969,10.194952911
Tỉnh Bến Tre,Thành phố Bến Tre,106.319064134,10.190480281
Tỉnh Bến Tre,Huyện Châu Thành,106.142478983,10.2371201880001
Tỉnh Bến Tre,Huyện Chợ Lách,106.028762448,10.1485858770001
Tỉnh Bến Tre,Huyện Mỏ Cày Nam,106.276735482,9.96628154500007
Tỉnh Bến Tre,Huyện Giồng Trôm,106.357445086,10.025131979
Tỉnh Bến Tre,Huyện Bình Đại,106.440171659,10.043674369
Tỉnh Bến Tre,Huyện Ba Tri,106.47022932,9.95757197200004
Tỉnh Bến Tre,Huyện Thạnh Phú,106.400595335,9.79530306600003
Tỉnh Bến Tre,Huyện Mỏ Cày Bắc,106.21936504,10.07253766
Tỉnh Trà Vinh,Thành phố Trà Vinh,106.301646009,9.88656022100002
Tỉnh Trà Vinh,Huyện Càng Long,106.112725113,9.86030752600004
Tỉnh Trà Vinh,Huyện Cầu Kè,105.953660628,9.75487480400005
Tỉnh Trà Vinh,Huyện Tiểu Cần,106.099521382,9.72640928300007
Tỉnh Trà Vinh,Huyện Châu Thành,106.219797311,9.76578013800003
Tỉnh Trà Vinh,Huyện Cầu Ngang,106.324596678,9.67806600700004
Tỉnh Trà Vinh,Huyện Trà Cú,106.132778801,9.60237161500004
Tỉnh Trà Vinh,Huyện Duyên Hải,106.271923155,9.52732079100002
Tỉnh Trà Vinh,Thị xã Duyên Hải,106.439988568,9.56574638400002
Tỉnh Đồng Tháp,Thành phố Cao Lãnh,105.557915499,10.4062315910001
Tỉnh Đồng Tháp,Thành phố Sa Đéc,105.704629874,10.2612269430001
Tỉnh Đồng Tháp,Thành phố Hồng Ngự,105.310593473,10.751492931
Tỉnh Đồng Tháp,Huyện Tân Hồng,105.370375773,10.7846435760001
Tỉnh Đồng Tháp,Huyện Hồng Ngự,105.188918283,10.6924539620001
Tỉnh Đồng Tháp,Huyện Tam Nông,105.355949412,10.6479551950001
Tỉnh Đồng Tháp,Huyện Tháp Mười,105.6357357,10.3660230080001
Tỉnh Đồng Tháp,Huyện Cao Lãnh,105.553639833,10.2892884940001
Tỉnh Đồng Tháp,Huyện Thanh Bình,105.339127205,10.5155680390001
Tỉnh Đồng Tháp,Huyện Lấp Vò,105.487621347,10.2786576930001
Tỉnh Đồng Tháp,Huyện Lai Vung,105.558021317,10.1340348410001
Tỉnh Đồng Tháp,Huyện Châu Thành,105.705310306,10.1489114020001
Tỉnh An Giang,Thành phố Long Xuyên,105.359947451,10.30307759
Tỉnh An Giang,Thành phố Châu Đốc,105.022797379,10.6106905830001
Tỉnh An Giang,Huyện An Phú,105.028823972,10.710160936
Tỉnh An Giang,Thị xã Tân Châu,105.124632344,10.704728463
Tỉnh An Giang,Huyện Phú Tân,105.144189635,10.5413310970001
Tỉnh An Giang,Huyện Châu Phú,105.065214899,10.4352669900001
Tỉnh An Giang,Huyện Tịnh Biên,104.898405534,10.435325458
Tỉnh An Giang,Huyện Tri Tôn,104.778319178,10.2706140230001
Tỉnh An Giang,Huyện Châu Thành,105.112796894,10.3461364940001
Tỉnh An Giang,Huyện Chợ Mới,105.327145664,10.3345328990001
Tỉnh An Giang,Huyện Thoại Sơn,105.0951452,10.1835572730001
Tỉnh Kiên Giang,Thành phố Rạch Giá,105.051581126,9.93627527900003
Tỉnh Kiên Giang,Thành phố Hà Tiên,104.306118855,10.283403493
Tỉnh Kiên Giang,Huyện Kiên Lương,104.492379182,9.97633466700006
Tỉnh Kiên Giang,Huyện Hòn Đất,104.703638353,10.0362623980001
Tỉnh Kiên Giang,Huyện Tân Hiệp,105.107872911,9.95660663900003
Tỉnh Kiên Giang,Huyện Châu Thành,105.092449136,9.82935412800003
Tỉnh Kiên Giang,Huyện Giồng Riềng,105.199641224,9.79400135800006
Tỉnh Kiên Giang,Huyện Gò Quao,105.136333539,9.58766236100007
Tỉnh Kiên Giang,Huyện An Biên,104.915142318,9.69278261300008
Tỉnh Kiên Giang,Huyện An Minh,104.834587018,9.49408205700007
Tỉnh Kiên Giang,Huyện Vĩnh Thuận,105.136905312,9.39894559500004
Tỉnh Kiên Giang,Thành phố Phú Quốc,103.419762249,9.26284935800004
Tỉnh Kiên Giang,Huyện Kiên Hải,104.33608111,9.63344477000004
Tỉnh Kiên Giang,Huyện U Minh Thượng,105.028148802,9.47754283700004
Tỉnh Kiên Giang,Huyện Giang Thành,104.523662696,10.3433059660001
Thành phố Cần Thơ,Quận Ninh Kiều,105.717550185,9.99350216700003
Thành phố Cần Thơ,Quận Ô Môn,105.556716203,10.0404810910001
Thành phố Cần Thơ,Quận Bình Thuỷ,105.664720232,10.003517432
Thành phố Cần Thơ,Quận Cái Răng,105.723611631,9.95462628700005
Thành phố Cần Thơ,Quận Thốt Nốt,105.470790487,10.152295371
Thành phố Cần Thơ,Huyện Vĩnh Thạnh,105.225786387,10.100421888
Thành phố Cần Thơ,Huyện Cờ Đỏ,105.345963136,10.0253061380001
Thành phố Cần Thơ,Huyện Phong Điền,105.583146161,9.93889983300005
Thành phố Cần Thơ,Huyện Thới Lai,105.418289655,9.91912794800004
Tỉnh Hậu Giang,Thành phố Vị Thanh,105.328279413,9.67973211700007
Tỉnh Hậu Giang,Thành phố Ngã Bảy,105.766866415,9.76381984300002
Tỉnh Hậu Giang,Huyện Châu Thành A,105.532679408,9.86538303000003
Tỉnh Hậu Giang,Huyện Châu Thành,105.728186623,9.85981108600004
Tỉnh Hậu Giang,Huyện Phụng Hiệp,105.586242098,9.65411400400006
Tỉnh Hậu Giang,Huyện Vị Thuỷ,105.450518626,9.68811483800005
Tỉnh Hậu Giang,Huyện Long Mỹ,105.338061291,9.58238303900004
Tỉnh Hậu Giang,Thị xã Long Mỹ,105.546940954,9.60935180900003
Tỉnh Sóc Trăng,Thành phố Sóc Trăng,105.92876212,9.55938522100007
Tỉnh Sóc Trăng,Huyện Châu Thành,105.797209543,9.58921519000006
Tỉnh Sóc Trăng,Huyện Kế Sách,105.84344073,9.71060345200004
Tỉnh Sóc Trăng,Huyện Mỹ Tú,105.669345623,9.52409714600003
Tỉnh Sóc Trăng,Huyện Cù Lao Dung,106.073266054,9.50185107900006
Tỉnh Sóc Trăng,Huyện Long Phú,105.983001889,9.54195185300006
Tỉnh Sóc Trăng,Huyện Mỹ Xuyên,105.753624797,9.35307492100003
Tỉnh Sóc Trăng,Thị xã Ngã Năm,105.54391623,9.41098788900007
Tỉnh Sóc Trăng,Huyện Thạnh Trị,105.588389656,9.37754362000004
Tỉnh Sóc Trăng,Thị xã Vĩnh Châu,105.812480273,9.24470426500005
Tỉnh Sóc Trăng,Huyện Trần Đề,105.964438034,9.40164945400005
Tỉnh Bạc Liêu,Thành phố Bạc Liêu,105.679532189,9.19654415400004
Tỉnh Bạc Liêu,Huyện Hồng Dân,105.262055331,9.38152642900008
Tỉnh Bạc Liêu,Huyện Phước Long,105.248310984,9.27963159000007
Tỉnh Bạc Liêu,Huyện Vĩnh Lợi,105.549698514,9.26040173400003
Tỉnh Bạc Liêu,Thị xã Giá Rai,105.232721452,9.17356455300006
Tỉnh Bạc Liêu,Huyện Đông Hải,105.245179139,9.01805618700007
Tỉnh Bạc Liêu,Huyện Hoà Bình,105.507256824,9.13566489400006
Tỉnh Cà Mau,Thành phố Cà Mau,105.096415964,9.08220981300008
Tỉnh Cà Mau,Huyện U Minh,104.821274431,9.18588030700005
Tỉnh Cà Mau,Huyện Thới Bình,104.959680889,9.20013014800003
Tỉnh Cà Mau,Huyện Trần Văn Thời,104.522193708,8.87962780300006
Tỉnh Cà Mau,Huyện Cái Nước,104.958944121,8.85200534700004
Tỉnh Cà Mau,Huyện Đầm Dơi,105.048611158,8.82329360400007
Tỉnh Cà Mau,Huyện Năm Căn,104.82089697,8.69112360200006
Tỉnh Cà Mau,Huyện Phú Tân,104.780659742,8.77229688700004
Tỉnh Cà Mau,Huyện Ngọc Hiển,104.71274165,8.38138655200004
