location,lat,lon
"Quận Ba Đình, Thành phố Hà Nội",21.0158551700001,105.801469498
"Quận Hoàn Kiếm, Thành phố Hà Nội",21.017912589,105.841908374
"Quận Tây Hồ, Thành phố Hà Nội",21.039003816,105.793107642
"Quận Long Biên, Thành phố Hà Nội",20.9944872560001,105.836237361
"Quận Cầu Giấy, Thành phố Hà Nội",21.00095602,105.768365039
"Quận Đống Đa, Thành phố Hà Nội",20.9973581690001,105.797905656
"Quận Hai Bà Trưng, Thành phố Hà Nội",20.9911136370001,105.842414377
"Quận Hoàng Mai, Thành phố Hà Nội",20.9463508060001,105.806579285
"Quận Thanh Xuân, Thành phố Hà Nội",20.980555731,105.791069196
"Huyện Sóc Sơn, Thành phố Hà Nội",21.176969865,105.723011257
"Huyện Đông Anh, Thành phố Hà Nội",21.0663662630001,105.731828316
"Huyện Gia Lâm, Thành phố Hà Nội",20.926487541,105.880722911
"Quận Nam Từ Liêm, Thành phố Hà Nội",20.980158083,105.726960239
"Huyện Thanh Trì, Thành phố Hà Nội",20.8973357410001,105.788315719
"Quận Bắc Từ Liêm, Thành phố Hà Nội",21.038045073,105.716845833
"Huyện Mê Linh, Thành phố Hà Nội",21.1202383350001,105.616161222
"Quận Hà Đông, Thành phố Hà Nội",20.9108046310001,105.706586429
"Thị xã Sơn Tây, Thành phố Hà Nội",21.0204000480001,105.414898997
"Huyện Ba Vì, Thành phố Hà Nội",21.0076590510001,105.28500419
"Huyện Phúc Thọ, Thành phố Hà Nội",21.04394395,105.500782888
"Huyện Đan Phượng, Thành phố Hà Nội",21.0654587560001,105.623191975
"Huyện Hoài Đức, Thành phố Hà Nội",20.955073903,105.645603706
"Huyện Quốc Oai, Thành phố Hà Nội",20.9082729300001,105.483756576
"Huyện Thạch Thất, Thành phố Hà Nội",20.946764413,105.39206637
"Huyện Chương Mỹ, Thành phố Hà Nội",20.792496194,105.550780155
"Huyện Thanh Oai, Thành phố Hà Nội",20.780584817,105.722902003
"Huyện Thường Tín, Thành phố Hà Nội",20.7519317860001,105.812684724
"Huyện Phú Xuyên, Thành phố Hà Nội",20.6505368580001,105.791897213
"Huyện Ứng Hòa, Thành phố Hà Nội",20.611912918,105.696830614
"Huyện Mỹ Đức, Thành phố Hà Nội",20.5642508770001,105.648249477
"Thành phố Hà Giang, Tỉnh Hà Giang",22.754110096,104.862154267
"Huyện Đồng Văn, Tỉnh Hà Giang",23.0930393460001,105.121024367
"Huyện Mèo Vạc, Tỉnh Hà Giang",22.9895406740001,105.298937334
"Huyện Yên Minh, Tỉnh Hà Giang",22.8750795020001,104.956823808
"Huyện Quản Bạ, Tỉnh Hà Giang",22.9426465920001,104.801362227
"Huyện Vị Xuyên, Tỉnh Hà Giang",22.48412441,104.724412518
"Huyện Bắc Mê, Tỉnh Hà Giang",22.60367862,105.050418522
"Huyện Hoàng Su Phì, Tỉnh Hà Giang",22.5345614,104.524402853
"Huyện Xín Mần, Tỉnh Hà Giang",22.463277164,104.334192828
"Huyện Bắc Quang, Tỉnh Hà Giang",22.1661925440001,104.722700331
"Huyện Quang Bình, Tỉnh Hà Giang",22.19762108,104.446090353
"Thành phố Cao Bằng, Tỉnh Cao Bằng",22.571064957,106.172952305
"Huyện Bảo Lâm, Tỉnh Cao Bằng",22.633465132,105.270511383
"Huyện Bảo Lạc, Tỉnh Cao Bằng",22.6664261990001,105.543358364
"Huyện Hà Quảng, Tỉnh Cao Bằng",22.7915669430001,105.954076613
"Huyện Trùng Khánh, Tỉnh Cao Bằng",22.7040160870001,106.397674511
"Huyện Hạ Lang, Tỉnh Cao Bằng",22.575782439,106.55196018
"Huyện Quảng Hòa, Tỉnh Cao Bằng",22.5494751310001,106.344836363
"Huyện Hoà An, Tỉnh Cao Bằng",22.5144178250001,106.012849946
"Huyện Nguyên Bình, Tỉnh Cao Bằng",22.4956385090001,105.727381144
"Huyện Thạch An, Tỉnh Cao Bằng",22.3569975460001,106.094113734
"Thành Phố Bắc Kạn, Tỉnh Bắc Kạn",22.054946483,105.775158645
"Huyện Pác Nặm, Tỉnh Bắc Kạn",22.4791259410001,105.529350008
"Huyện Ba Bể, Tỉnh Bắc Kạn",22.2706034940001,105.548864921
"Huyện Ngân Sơn, Tỉnh Bắc Kạn",22.284561459,105.850891816
"Huyện Bạch Thông, Tỉnh Bắc Kạn",22.0865352050001,105.651600225
"Huyện Chợ Đồn, Tỉnh Bắc Kạn",21.9555910230001,105.431530613
"Huyện Chợ Mới, Tỉnh Bắc Kạn",21.8044205790001,105.692819609
"Huyện Na Rì, Tỉnh Bắc Kạn",21.9380083290001,105.927583571
"Thành phố Tuyên Quang, Tỉnh Tuyên Quang",21.7004831250001,105.174641982
"Huyện Lâm Bình, Tỉnh Tuyên Quang",22.3180007770001,105.072641651
"Huyện Na Hang, Tỉnh Tuyên Quang",22.2559743310001,105.258583673
"Huyện Chiêm Hóa, Tỉnh Tuyên Quang",21.9413755510001,104.99490628
"Huyện Hàm Yên, Tỉnh Tuyên Quang",21.8397958640001,104.848861693
"Huyện Yên Sơn, Tỉnh Tuyên Quang",21.658750883,105.056649031
"Huyện Sơn Dương, Tỉnh Tuyên Quang",21.497128006,105.224973932
"Thành phố Lào Cai, Tỉnh Lào Cai",22.310771516,103.896698785
"Huyện Bát Xát, Tỉnh Lào Cai",22.396049217,103.527395007
"Huyện Mường Khương, Tỉnh Lào Cai",22.526282517,104.005347047
"Huyện Si Ma Cai, Tỉnh Lào Cai",22.5852033210001,104.172778807
"Huyện Bắc Hà, Tỉnh Lào Cai",22.3242256460001,104.165760201
"Huyện Bảo Thắng, Tỉnh Lào Cai",22.198588038,104.002280094
"Huyện Bảo Yên, Tỉnh Lào Cai",22.0871143140001,104.208627717
"Thị xã Sa Pa, Tỉnh Lào Cai",22.1373131070001,103.728788356
"Huyện Văn Bàn, Tỉnh Lào Cai",21.876484039,103.938281091
"Thành phố Điện Biên Phủ, Tỉnh Điện Biên",21.3654171160001,102.993072901
"Thị Xã Mường Lay, Tỉnh Điện Biên",21.958500848,103.046335027
"Huyện Mường Nhé, Tỉnh Điện Biên",21.9762006390001,102.144028483
"Huyện Mường Chà, Tỉnh Điện Biên",21.5878743690001,102.972597765
"Huyện Tủa Chùa, Tỉnh Điện Biên",21.784564964,103.250423115
"Huyện Tuần Giáo, Tỉnh Điện Biên",21.426340317,103.139405557
"Huyện Điện Biên, Tỉnh Điện Biên",20.892719297,102.807631642
"Huyện Điện Biên Đông, Tỉnh Điện Biên",21.0286788510001,103.067527405
"Huyện Mường Ảng, Tỉnh Điện Biên",21.402405631,103.104668095
"Huyện Nậm Pồ, Tỉnh Điện Biên",21.6541484700001,102.501166884
"Thành phố Lai Châu, Tỉnh Lai Châu",22.342063733,103.354620468
"Huyện Tam Đường, Tỉnh Lai Châu",22.168228734,103.415962207
"Huyện Mường Tè, Tỉnh Lai Châu",22.1677444630001,102.320986282
"Huyện Sìn Hồ, Tỉnh Lai Châu",22.4159308160001,103.120708648
"Huyện Phong Thổ, Tỉnh Lai Châu",21.9701150330001,103.071030336
"Huyện Than Uyên, Tỉnh Lai Châu",21.685561106,103.669211512
"Huyện Tân Uyên, Tỉnh Lai Châu",21.948091774,103.532640586
"Huyện Nậm Nhùn, Tỉnh Lai Châu",22.0268544260001,102.73686783
"Thành phố Sơn La, Tỉnh Sơn La",21.2451548060001,103.803972843
"Huyện Quỳnh Nhai, Tỉnh Sơn La",21.524066793,103.480079295
"Huyện Thuận Châu, Tỉnh Sơn La",21.2018340330001,103.330000313
"Huyện Mường La, Tỉnh Sơn La",21.3094661870001,103.754730455
"Huyện Bắc Yên, Tỉnh Sơn La",21.006402698,104.168190631
"Huyện Phù Yên, Tỉnh Sơn La",21.0259467930001,104.486016186
"Huyện Mộc Châu, Tỉnh Sơn La",20.6721165810001,104.417426491
"Huyện Yên Châu, Tỉnh Sơn La",20.7989907580001,104.114827559
"Huyện Mai Sơn, Tỉnh Sơn La",20.9589975280001,103.696687707
"Huyện Sông Mã, Tỉnh Sơn La",20.846634577,103.397267328
"Huyện Sốp Cộp, Tỉnh Sơn La",20.6613896640001,103.212374227
"Huyện Vân Hồ, Tỉnh Sơn La",20.57357935,104.635642169
"Thành phố Yên Bái, Tỉnh Yên Bái",21.6515723370001,104.820782338
"Thị xã Nghĩa Lộ, Tỉnh Yên Bái",21.5648896160001,104.45194112
"Huyện Lục Yên, Tỉnh Yên Bái",21.9308479650001,104.562331982
"Huyện Văn Yên, Tỉnh Yên Bái",21.6615633230001,104.339928761
"Huyện Mù Căng Chải, Tỉnh Yên Bái",21.6420572760001,103.886407839
"Huyện Trấn Yên, Tỉnh Yên Bái",21.530977986,104.649378751
"Huyện Trạm Tấu, Tỉnh Yên Bái",21.3514491060001,104.277286525
"Huyện Văn Chấn, Tỉnh Yên Bái",21.3256638180001,104.267643792
"Huyện Yên Bình, Tỉnh Yên Bái",21.646638555,104.745556813
"Thành phố Hòa Bình, Tỉnh Hoà Bình",20.743414681,105.263345716
"Huyện Đà Bắc, Tỉnh Hoà Bình",20.7516180980001,104.852637262
"Huyện Lương Sơn, Tỉnh Hoà Bình",20.613587793,105.429910446
"Huyện Kim Bôi, Tỉnh Hoà Bình",20.521782574,105.370224639
"Huyện Cao Phong, Tỉnh Hoà Bình",20.592492065,105.177524299
"Huyện Tân Lạc, Tỉnh Hoà Bình",20.451507486,105.111409016
"Huyện Mai Châu, Tỉnh Hoà Bình",20.5574652080001,104.835278997
"Huyện Lạc Sơn, Tỉnh Hoà Bình",20.359831823,105.258559685
"Huyện Yên Thủy, Tỉnh Hoà Bình",20.3053927550001,105.540585707
"Huyện Lạc Thủy, Tỉnh Hoà Bình",20.366376341,105.614047045
"Thành phố Thái Nguyên, Tỉnh Thái Nguyên",21.5062785010001,105.700291721
"Thành phố Sông Công, Tỉnh Thái Nguyên",21.439051954,105.752539467
"Huyện Định Hóa, Tỉnh Thái Nguyên",21.7455633920001,105.493474116
"Huyện Phú Lương, Tỉnh Thái Nguyên",21.6140618430001,105.62508245
"Huyện Đồng Hỷ, Tỉnh Thái Nguyên",21.52031429,105.786383136
"Huyện Võ Nhai, Tỉnh Thái Nguyên",21.604243152,105.848281051
"Huyện Đại Từ, Tỉnh Thái Nguyên",21.430112099,105.477545578
"Thị xã Phổ Yên, Tỉnh Thái Nguyên",21.3255286350001,105.666700901
"Huyện Phú Bình, Tỉnh Thái Nguyên",21.3942335410001,105.876023271
"Thành phố Lạng Sơn, Tỉnh Lạng Sơn",21.781697142,106.697924949
"Huyện Tràng Định, Tỉnh Lạng Sơn",22.1428775420001,106.184883179
"Huyện Bình Gia, Tỉnh Lạng Sơn",21.866112737,106.09595978
"Huyện Văn Lãng, Tỉnh Lạng Sơn",21.8809754800001,106.434683927
"Huyện Cao Lộc, Tỉnh Lạng Sơn",21.736992393,106.624664787
"Huyện Văn Quan, Tỉnh Lạng Sơn",21.6861489020001,106.38912665
"Huyện Bắc Sơn, Tỉnh Lạng Sơn",21.666598234,106.094903299
"Huyện Hữu Lũng, Tỉnh Lạng Sơn",21.393731889,106.166861033
"Huyện Chi Lăng, Tỉnh Lạng Sơn",21.5357686360001,106.420123346
"Huyện Lộc Bình, Tỉnh Lạng Sơn",21.489450128,106.752394762
"Huyện Đình Lập, Tỉnh Lạng Sơn",21.32519968,106.888673343
"Thành phố Hạ Long, Tỉnh Quảng Ninh",20.739512749,106.886630073
"Thành phố Móng Cái, Tỉnh Quảng Ninh",21.339473635,107.732724023
"Thành phố Cẩm Phả, Tỉnh Quảng Ninh",20.9096394360001,107.169493222
"Thành phố Uông Bí, Tỉnh Quảng Ninh",20.9749984220001,106.658003799
"Huyện Bình Liêu, Tỉnh Quảng Ninh",21.437263537,107.273252613
"Huyện Tiên Yên, Tỉnh Quảng Ninh",21.201776684,107.204659944
"Huyện Đầm Hà, Tỉnh Quảng Ninh",21.223098524,107.467088107
"Huyện Hải Hà, Tỉnh Quảng Ninh",21.25701063,107.515988197
"Huyện Ba Chẽ, Tỉnh Quảng Ninh",21.13036936,106.973174804
"Huyện Vân Đồn, Tỉnh Quảng Ninh",20.6873066970001,107.283954903
"Thị xã Đông Triều, Tỉnh Quảng Ninh",21.0116676480001,106.439197076
"Thị xã Quảng Yên, Tỉnh Quảng Ninh",20.8195720780001,106.767709893
"Huyện Cô Tô, Tỉnh Quảng Ninh",20.9441774160001,107.731748893
"Thành phố Bắc Giang, Tỉnh Bắc Giang",21.2163692440001,106.140516706
"Huyện Yên Thế, Tỉnh Bắc Giang",21.4227307670001,106.030953483
"Huyện Tân Yên, Tỉnh Bắc Giang",21.309046112,106.006577511
"Huyện Lạng Giang, Tỉnh Bắc Giang",21.2731108790001,106.166407708
"Huyện Lục Nam, Tỉnh Bắc Giang",21.1660383550001,106.291539222
"Huyện Lục Ngạn, Tỉnh Bắc Giang",21.2653363810001,106.443538667
"Huyện Sơn Động, Tỉnh Bắc Giang",21.149229458,106.67424124
"Huyện Yên Dũng, Tỉnh Bắc Giang",21.1219011360001,106.142132108
"Huyện Việt Yên, Tỉnh Bắc Giang",21.1982040890001,106.004080604
"Huyện Hiệp Hòa, Tỉnh Bắc Giang",21.2227875200001,105.880524532
"Thành phố Việt Trì, Tỉnh Phú Thọ",21.264762967,105.291606859
"Thị xã Phú Thọ, Tỉnh Phú Thọ",21.3643615570001,105.176694677
"Huyện Đoan Hùng, Tỉnh Phú Thọ",21.5107455780001,105.016205259
"Huyện Hạ Hoà, Tỉnh Phú Thọ",21.483569662,104.867987175
"Huyện Thanh Ba, Tỉnh Phú Thọ",21.3244124620001,105.076967214
"Huyện Phù Ninh, Tỉnh Phú Thọ",21.3714925030001,105.211559111
"Huyện Yên Lập, Tỉnh Phú Thọ",21.201355859,104.877196652
"Huyện Cẩm Khê, Tỉnh Phú Thọ",21.268795073,104.978250247
"Huyện Tam Nông, Tỉnh Phú Thọ",21.21654441,105.146745125
"Huyện Lâm Thao, Tỉnh Phú Thọ",21.246884784,105.249266015
"Huyện Thanh Sơn, Tỉnh Phú Thọ",20.916935134,105.035338841
"Huyện Thanh Thuỷ, Tỉnh Phú Thọ",21.00235674,105.232714058
"Huyện Tân Sơn, Tỉnh Phú Thọ",21.015017238,104.813587009
"Thành phố Vĩnh Yên, Tỉnh Vĩnh Phúc",21.264866016,105.548261162
"Thành phố Phúc Yên, Tỉnh Vĩnh Phúc",21.212406753,105.680554805
"Huyện Lập Thạch, Tỉnh Vĩnh Phúc",21.294770897,105.423443899
"Huyện Tam Dương, Tỉnh Vĩnh Phúc",21.2749269770001,105.499601421
"Huyện Tam Đảo, Tỉnh Vĩnh Phúc",21.3442398180001,105.487357017
"Huyện Bình Xuyên, Tỉnh Vĩnh Phúc",21.2157482750001,105.603170444
"Huyện Yên Lạc, Tỉnh Vĩnh Phúc",21.152331781,105.522278095
"Huyện Vĩnh Tường, Tỉnh Vĩnh Phúc",21.154962594,105.44328332
"Huyện Sông Lô, Tỉnh Vĩnh Phúc",21.3258363730001,105.322688363
"Thành phố Bắc Ninh, Tỉnh Bắc Ninh",21.1216938850001,106.019019912
"Huyện Yên Phong, Tỉnh Bắc Ninh",21.156756253,105.90472447
"Huyện Quế Võ, Tỉnh Bắc Ninh",21.073621012,106.088364745
"Huyện Tiên Du, Tỉnh Bắc Ninh",21.0691977870001,105.969225625
"Thị xã Từ Sơn, Tỉnh Bắc Ninh",21.069932619,105.912657279
"Huyện Thuận Thành, Tỉnh Bắc Ninh",20.9833313010001,105.998939353
"Huyện Gia Bình, Tỉnh Bắc Ninh",21.0126103220001,106.128601089
"Huyện Lương Tài, Tỉnh Bắc Ninh",20.968238797,106.137677863
"Thành phố Hải Dương, Tỉnh Hải Dương",20.893097186,106.260091489
"Thành phố Chí Linh, Tỉnh Hải Dương",21.0196751500001,106.295474842
"Huyện Nam Sách, Tỉnh Hải Dương",20.956524116,106.271658554
"Thị xã Kinh Môn, Tỉnh Hải Dương",20.930747308,106.405853217
"Huyện Kim Thành, Tỉnh Hải Dương",20.8512401,106.387710799
"Huyện Thanh Hà, Tỉnh Hải Dương",20.799886573,106.345087291
"Huyện Cẩm Giàng, Tỉnh Hải Dương",20.8998500370001,106.126676876
"Huyện Bình Giang, Tỉnh Hải Dương",20.81820952,106.124641012
"Huyện Gia Lộc, Tỉnh Hải Dương",20.7768429340001,106.23820243
"Huyện Tứ Kỳ, Tỉnh Hải Dương",20.720390762,106.307615841
"Huyện Ninh Giang, Tỉnh Hải Dương",20.6893068690001,106.262455832
"Huyện Thanh Miện, Tỉnh Hải Dương",20.6841224030001,106.131451957
"Quận Hồng Bàng, Thành phố Hải Phòng",20.853563385,106.599478253
"Quận Ngô Quyền, Thành phố Hải Phòng",20.8274991910001,106.67954309
"Quận Lê Chân, Thành phố Hải Phòng",20.815404433,106.658564394
"Quận Hải An, Thành phố Hải Phòng",20.7787740050001,106.69993759
"Quận Kiến An, Thành phố Hải Phòng",20.7689883940001,106.594201342
"Quận Đồ Sơn, Thành phố Hải Phòng",20.665754792,106.709687978
"Quận Dương Kinh, Thành phố Hải Phòng",20.7412058310001,106.648343889
"Huyện Thuỷ Nguyên, Thành phố Hải Phòng",20.8639547290001,106.55473953
"Huyện An Dương, Thành phố Hải Phòng",20.81672804,106.527184629
"Huyện An Lão, Thành phố Hải Phòng",20.725578355,106.477082971
"Huyện Kiến Thuỵ, Thành phố Hải Phòng",20.6862323410001,106.601301037
"Huyện Tiên Lãng, Thành phố Hải Phòng",20.625013719,106.485832984
"Huyện Vĩnh Bảo, Thành phố Hải Phòng",20.597919813,106.400876677
"Huyện Cát Hải, Thành phố Hải Phòng",20.6131708770001,106.83616751
"Huyện Bạch Long Vĩ, Thành phố Hải Phòng",20.1271484690001,107.716621313
"Thành phố Hưng Yên, Tỉnh Hưng Yên",20.6032446670001,106.004407922
"Huyện Văn Lâm, Tỉnh Hưng Yên",20.937653031,105.961210618
"Huyện Văn Giang, Tỉnh Hưng Yên",20.88304221,105.895388504
"Huyện Yên Mỹ, Tỉnh Hưng Yên",20.8353003080001,105.961935407
"Thị xã Mỹ Hào, Tỉnh Hưng Yên",20.873382265,106.031606244
"Huyện Ân Thi, Tỉnh Hưng Yên",20.7265737970001,106.033579165
"Huyện Khoái Châu, Tỉnh Hưng Yên",20.757241734,105.910871206
"Huyện Kim Động, Tỉnh Hưng Yên",20.6945263380001,105.965210833
"Huyện Tiên Lữ, Tỉnh Hưng Yên",20.632499221,106.075940392
"Huyện Phù Cừ, Tỉnh Hưng Yên",20.6411340650001,106.11807364
"Thành phố Thái Bình, Tỉnh Thái Bình",20.399539937,106.296962142
"Huyện Quỳnh Phụ, Tỉnh Thái Bình",20.566702988,106.248964817
"Huyện Hưng Hà, Tỉnh Thái Bình",20.5115972180001,106.110002917
"Huyện Đông Hưng, Tỉnh Thái Bình",20.482382522,106.235187782
"Huyện Thái Thụy, Tỉnh Thái Bình",20.442850843,106.430976741
"Huyện Tiền Hải, Tỉnh Thái Bình",20.253033293,106.462630735
"Huyện Kiến Xương, Tỉnh Thái Bình",20.2893971550001,106.356336208
"Thành phố Phủ Lý, Tỉnh Hà Nam",20.4835883750001,105.8766853
"Thị xã Duy Tiên, Tỉnh Hà Nam",20.5585924660001,105.890993613
"Huyện Kim Bảng, Tỉnh Hà Nam",20.47751269,105.769778262
"Huyện Thanh Liêm, Tỉnh Hà Nam",20.3631382670001,105.85143138
"Huyện Bình Lục, Tỉnh Hà Nam",20.3955570410001,105.980974559
"Huyện Lý Nhân, Tỉnh Hà Nam",20.468469021,105.980900693
"Thành phố Nam Định, Tỉnh Nam Định",20.3755923640001,106.117928487
"Huyện Mỹ Lộc, Tỉnh Nam Định",20.41124302,106.042784237
"Huyện Vụ Bản, Tỉnh Nam Định",20.3009392880001,106.019916883
"Huyện Ý Yên, Tỉnh Nam Định",20.2170467550001,105.924254006
"Huyện Nghĩa Hưng, Tỉnh Nam Định",19.8898377780001,106.095022338
"Huyện Nam Trực, Tỉnh Nam Định",20.25136337,106.147780551
"Huyện Trực Ninh, Tỉnh Nam Định",20.142260423,106.177438532
"Huyện Xuân Trường, Tỉnh Nam Định",20.216790362,106.293952791
"Huyện Giao Thủy, Tỉnh Nam Định",20.178002216,106.350519132
"Huyện Hải Hậu, Tỉnh Nam Định",19.987986113,106.178322144
"Thành phố Ninh Bình, Tỉnh Ninh Bình",20.1993614470001,105.927275976
"Thành phố Tam Điệp, Tỉnh Ninh Bình",20.1020515430001,105.792617578
"Huyện Nho Quan, Tỉnh Ninh Bình",20.16851353,105.542850372
"Huyện Gia Viễn, Tỉnh Ninh Bình",20.2328465960001,105.794817261
"Huyện Hoa Lư, Tỉnh Ninh Bình",20.1723225380001,105.877450901
"Huyện Yên Khánh, Tỉnh Ninh Bình",20.123869644,105.987651015
"Huyện Kim Sơn, Tỉnh Ninh Bình",19.9174696900001,106.024606693
"Huyện Yên Mô, Tỉnh Ninh Bình",20.0597814870001,105.923920724
"Thành phố Thanh Hóa, Tỉnh Thanh Hóa",19.731987551,105.722979656
"Thị xã Bỉm Sơn, Tỉnh Thanh Hóa",20.0443894690001,105.834317434
"Thành phố Sầm Sơn, Tỉnh Thanh Hóa",19.7205852430001,105.878520073
"Huyện Mường Lát, Tỉnh Thanh Hóa",20.3685810900001,104.374316969
"Huyện Quan Hóa, Tỉnh Thanh Hóa",20.301899765,104.701445648
"Huyện Bá Thước, Tỉnh Thanh Hóa",20.1854797660001,105.069475531
"Huyện Quan Sơn, Tỉnh Thanh Hóa",20.098325323,104.609304076
"Huyện Lang Chánh, Tỉnh Thanh Hóa",20.001952051,104.972802053
"Huyện Ngọc Lặc, Tỉnh Thanh Hóa",19.92044787,105.246713147
"Huyện Cẩm Thủy, Tỉnh Thanh Hóa",20.0727047570001,105.314378572
"Huyện Thạch Thành, Tỉnh Thanh Hóa",20.036066991,105.409796618
"Huyện Hà Trung, Tỉnh Thanh Hóa",19.9537774350001,105.745014697
"Huyện Vĩnh Lộc, Tỉnh Thanh Hóa",19.957688881,105.553901201
"Huyện Yên Định, Tỉnh Thanh Hóa",19.93052629,105.460257197
"Huyện Thọ Xuân, Tỉnh Thanh Hóa",19.815832614,105.372920846
"Huyện Thường Xuân, Tỉnh Thanh Hóa",19.7091778130001,104.912062711
"Huyện Triệu Sơn, Tỉnh Thanh Hóa",19.712230834,105.42630482
"Huyện Thiệu Hóa, Tỉnh Thanh Hóa",19.8385271060001,105.582044039
"Huyện Hoằng Hóa, Tỉnh Thanh Hóa",19.7702674340001,105.757332094
"Huyện Hậu Lộc, Tỉnh Thanh Hóa",19.8800587060001,105.769998286
"Huyện Nga Sơn, Tỉnh Thanh Hóa",19.940113653,105.910066161
"Huyện Như Xuân, Tỉnh Thanh Hóa",19.44192007,105.153393723
"Huyện Như Thanh, Tỉnh Thanh Hóa",19.3682779390001,105.447758349
"Huyện Nông Cống, Tỉnh Thanh Hóa",19.47718766,105.595691954
"Huyện Đông Sơn, Tỉnh Thanh Hóa",19.727988215,105.647683534
"Huyện Quảng Xương, Tỉnh Thanh Hóa",19.580242835,105.711346124
"Thị xã Nghi Sơn, Tỉnh Thanh Hóa",19.2876868810001,105.629143217
"Thành phố Vinh, Tỉnh Nghệ An",18.639622322,105.633982842
"Thị xã Cửa Lò, Tỉnh Nghệ An",18.748910628,105.690640001
"Thị xã Thái Hoà, Tỉnh Nghệ An",19.230355848,105.34482414
"Huyện Quế Phong, Tỉnh Nghệ An",19.4127745370001,104.628930926
"Huyện Quỳ Châu, Tỉnh Nghệ An",19.323351367,104.8177741
"Huyện Kỳ Sơn, Tỉnh Nghệ An",19.1104649760001,103.874272909
"Huyện Tương Dương, Tỉnh Nghệ An",18.9805240790001,104.266902751
"Huyện Nghĩa Đàn, Tỉnh Nghệ An",19.172629204,105.293081435
"Huyện Quỳ Hợp, Tỉnh Nghệ An",19.158732892,104.972105556
"Huyện Quỳnh Lưu, Tỉnh Nghệ An",19.0848050550001,105.433235826
"Huyện Con Cuông, Tỉnh Nghệ An",18.7736787870001,104.529638312
"Huyện Tân Kỳ, Tỉnh Nghệ An",18.975266263,105.045178945
"Huyện Anh Sơn, Tỉnh Nghệ An",18.759971013,104.899465938
"Huyện Diễn Châu, Tỉnh Nghệ An",18.8583519470001,105.495869804
"Huyện Yên Thành, Tỉnh Nghệ An",18.878400689,105.298050166
"Huyện Đô Lương, Tỉnh Nghệ An",18.7741732710001,105.218165747
"Huyện Thanh Chương, Tỉnh Nghệ An",18.5789066990001,104.935508947
"Huyện Nghi Lộc, Tỉnh Nghệ An",18.6877209150001,105.466120068
"Huyện Nam Đàn, Tỉnh Nghệ An",18.5531138630001,105.403271245
"Huyện Hưng Nguyên, Tỉnh Nghệ An",18.568180324,105.554333667
"Thị xã Hoàng Mai, Tỉnh Nghệ An",19.185702319,105.624283018
"Thành phố Hà Tĩnh, Tỉnh Hà Tĩnh",18.3077733380001,105.860874831
"Thị xã Hồng Lĩnh, Tỉnh Hà Tĩnh",18.486909693,105.660658805
"Huyện Hương Sơn, Tỉnh Hà Tĩnh",18.2677234810001,105.104149375
"Huyện Đức Thọ, Tỉnh Hà Tĩnh",18.3935368140001,105.53842479
"Huyện Vũ Quang, Tỉnh Hà Tĩnh",18.1545508830001,105.256093635
"Huyện Nghi Xuân, Tỉnh Hà Tĩnh",18.5239094470001,105.674329257
"Huyện Can Lộc, Tỉnh Hà Tĩnh",18.3209425960001,105.630665446
"Huyện Hương Khê, Tỉnh Hà Tĩnh",17.99164361,105.45180973
"Huyện Thạch Hà, Tỉnh Hà Tĩnh",18.1719261870001,105.749290811
"Huyện Cẩm Xuyên, Tỉnh Hà Tĩnh",18.0340101240001,105.854586242
"Huyện Kỳ Anh, Tỉnh Hà Tĩnh",17.9106663430001,106.014471063
"Huyện Lộc Hà, Tỉnh Hà Tĩnh",18.386961048,105.810602999
"Thị xã Kỳ Anh, Tỉnh Hà Tĩnh",17.9496511410001,106.255035413
"Thành Phố Đồng Hới, Tỉnh Quảng Bình",17.3657391620001,106.492392881
"Huyện Minh Hóa, Tỉnh Quảng Bình",17.5028991140001,105.608365247
"Huyện Tuyên Hóa, Tỉnh Quảng Bình",17.70963298,105.642200654
"Huyện Quảng Trạch, Tỉnh Quảng Bình",17.753514796,106.261207837
"Huyện Bố Trạch, Tỉnh Quảng Bình",17.2438472040001,105.964408279
"Huyện Quảng Ninh, Tỉnh Quảng Bình",17.070772397,106.287663534
"Huyện Lệ Thủy, Tỉnh Quảng Bình",16.9219646070001,106.402292078
"Thị xã Ba Đồn, Tỉnh Quảng Bình",17.6761275490001,106.235360543
"Thành phố Đông Hà, Tỉnh Quảng Trị",16.7434753050001,107.030546166
"Thị xã Quảng Trị, Tỉnh Quảng Trị",16.6279244900001,107.067380959
"Huyện Vĩnh Linh, Tỉnh Quảng Trị",16.889195891,106.681498431
"Huyện Hướng Hóa, Tỉnh Quảng Trị",16.410587032,106.515453464
"Huyện Gio Linh, Tỉnh Quảng Trị",16.810219546,106.68636699
"Huyện Đa Krông, Tỉnh Quảng Trị",16.2966460170001,106.711508374
"Huyện Cam Lộ, Tỉnh Quảng Trị",16.6849699740001,106.830019224
"Huyện Triệu Phong, Tỉnh Quảng Trị",16.6450696220001,107.002373287
"Huyện Hải Lăng, Tỉnh Quảng Trị",16.5665174280001,107.079961067
"Huyện Cồn Cỏ, Tỉnh Quảng Trị",17.1501777140001,107.331743022
"Thành phố Huế, Tỉnh Thừa Thiên Huế",16.398575156,107.525669329
"Huyện Phong Điền, Tỉnh Thừa Thiên Huế",16.345500395,107.056590179
"Huyện Quảng Điền, Tỉnh Thừa Thiên Huế",16.5124788380001,107.407220004
"Huyện Phú Vang, Tỉnh Thừa Thiên Huế",16.335229971,107.574117905
"Thị xã Hương Thủy, Tỉnh Thừa Thiên Huế",16.15629569,107.495687687
"Thị xã Hương Trà, Tỉnh Thừa Thiên Huế",16.2541138610001,107.329036353
"Huyện A Lưới, Tỉnh Thừa Thiên Huế",16.015047453,107.084421588
"Huyện Phú Lộc, Tỉnh Thừa Thiên Huế",16.16419962,107.648470407
"Huyện Nam Đông, Tỉnh Thừa Thiên Huế",15.9948714070001,107.509569188
"Quận Liên Chiểu, Thành phố Đà Nẵng",16.032894791,108.087472449
"Quận Thanh Khê, Thành phố Đà Nẵng",16.023126452,108.167534742
"Quận Hải Châu, Thành phố Đà Nẵng",16.0228350370001,108.187599881
"Quận Sơn Trà, Thành phố Đà Nẵng",16.05051422,108.213197387
"Quận Ngũ Hành Sơn, Thành phố Đà Nẵng",15.9566470500001,108.216755174
"Quận Cẩm Lệ, Thành phố Đà Nẵng",15.971823688,108.155869777
"Huyện Hòa Vang, Thành phố Đà Nẵng",15.918110728,107.81867521
"Huyện Hoàng Sa, Thành phố Đà Nẵng",15.7776774770001,111.206695674
"Thành phố Tam Kỳ, Tỉnh Quảng Nam",15.509259319,108.441684723
"Thành phố Hội An, Tỉnh Quảng Nam",15.811268043,108.289756947
"Huyện Tây Giang, Tỉnh Quảng Nam",15.7252397300001,107.210226215
"Huyện Đông Giang, Tỉnh Quảng Nam",15.757776979,107.587661339
"Huyện Đại Lộc, Tỉnh Quảng Nam",15.7201398930001,107.800693575
"Thị xã Điện Bàn, Tỉnh Quảng Nam",15.8300153180001,108.129145993
"Huyện Duy Xuyên, Tỉnh Quảng Nam",15.714130358,108.041324786
"Huyện Quế Sơn, Tỉnh Quảng Nam",15.61937569,108.119046824
"Huyện Nam Giang, Tỉnh Quảng Nam",15.3860517700001,107.249630668
"Huyện Phước Sơn, Tỉnh Quảng Nam",15.1930158750001,107.659899726
"Huyện Hiệp Đức, Tỉnh Quảng Nam",15.3920417960001,107.948443512
"Huyện Thăng Bình, Tỉnh Quảng Nam",15.583417098,108.21768621
"Huyện Tiên Phước, Tỉnh Quảng Nam",15.3798737390001,108.128271853
"Huyện Bắc Trà My, Tỉnh Quảng Nam",15.118279054,107.945402891
"Huyện Nam Trà My, Tỉnh Quảng Nam",14.9511242190001,107.927393194
"Huyện Núi Thành, Tỉnh Quảng Nam",15.308205441,108.421712528
"Huyện Phú Ninh, Tỉnh Quảng Nam",15.392396266,108.317392772
"Huyện Nông Sơn, Tỉnh Quảng Nam",15.536513717,107.837588342
"Thành phố Quảng Ngãi, Tỉnh Quảng Ngãi",15.0941452600001,108.758754105
"Huyện Bình Sơn, Tỉnh Quảng Ngãi",15.198066715,108.576945011
"Huyện Trà Bồng, Tỉnh Quảng Ngãi",15.1034834880001,108.359847335
"Huyện Sơn Tịnh, Tỉnh Quảng Ngãi",15.1270442640001,108.57699477
"Huyện Tư Nghĩa, Tỉnh Quảng Ngãi",15.0195484980001,108.614751837
"Huyện Sơn Hà, Tỉnh Quảng Ngãi",14.790202654,108.319955292
"Huyện Sơn Tây, Tỉnh Quảng Ngãi",14.8218037120001,108.235223317
"Huyện Minh Long, Tỉnh Quảng Ngãi",14.8500939190001,108.576527487
"Huyện Nghĩa Hành, Tỉnh Quảng Ngãi",14.847161317,108.687954116
"Huyện Mộ Đức, Tỉnh Quảng Ngãi",14.8786275630001,108.791349136
"Thị xã Đức Phổ, Tỉnh Quảng Ngãi",14.578635653,108.816609297
"Huyện Ba Tơ, Tỉnh Quảng Ngãi",14.5329867460001,108.480725808
"Huyện Lý Sơn, Tỉnh Quảng Ngãi",15.3686640660001,109.077680963
"Thành phố Quy Nhơn, Tỉnh Bình Định",13.6037171460001,109.090094913
"Huyện An Lão, Tỉnh Bình Định",14.365305103,108.62791118
"Thị xã Hoài Nhơn, Tỉnh Bình Định",14.3555070400001,108.939127911
"Huyện Hoài Ân, Tỉnh Bình Định",14.1430482590001,108.774048641
"Huyện Phù Mỹ, Tỉnh Bình Định",14.081931657,108.964290771
"Huyện Vĩnh Thạnh, Tỉnh Bình Định",14.020543063,108.602247652
"Huyện Tây Sơn, Tỉnh Bình Định",13.7535931050001,108.744586207
"Huyện Phù Cát, Tỉnh Bình Định",13.9016399440001,108.868384339
"Thị xã An Nhơn, Tỉnh Bình Định",13.7523999220001,108.950810662
"Huyện Tuy Phước, Tỉnh Bình Định",13.744894759,109.054951533
"Huyện Vân Canh, Tỉnh Bình Định",13.515079563,108.814085825
"Thành phố Tuy Hoà, Tỉnh Phú Yên",13.01446895,109.178315962
"Thị xã Sông Cầu, Tỉnh Phú Yên",13.3598123900001,109.091509263
"Huyện Đồng Xuân, Tỉnh Phú Yên",13.2397294460001,108.703570266
"Huyện Tuy An, Tỉnh Phú Yên",13.1426249260001,109.092975078
"Huyện Sơn Hòa, Tỉnh Phú Yên",13.0105012970001,108.75600853
"Huyện Sông Hinh, Tỉnh Phú Yên",12.7054069060001,108.673091784
"Huyện Tây Hoà, Tỉnh Phú Yên",12.7805471790001,109.002284683
"Huyện Phú Hoà, Tỉnh Phú Yên",12.983638442,109.079098593
"Thị xã Đông Hòa, Tỉnh Phú Yên",12.8259088830001,109.271989383
"Thành phố Nha Trang, Tỉnh Khánh Hòa",12.141705888,109.110859607
"Thành phố Cam Ranh, Tỉnh Khánh Hòa",11.7691540590001,108.999888976
"Huyện Cam Lâm, Tỉnh Khánh Hòa",11.9370226360001,108.940500209
"Huyện Vạn Ninh, Tỉnh Khánh Hòa",12.5471254330001,109.085174793
"Thị xã Ninh Hòa, Tỉnh Khánh Hòa",12.3436084190001,108.87079298
"Huyện Khánh Vĩnh, Tỉnh Khánh Hòa",12.0876628390001,108.669676534
"Huyện Diên Khánh, Tỉnh Khánh Hòa",12.166892368,108.933358723
"Huyện Khánh Sơn, Tỉnh Khánh Hòa",11.9156160680001,108.78347907
"Huyện Trường Sa, Tỉnh Khánh Hòa",7.89146445900008,111.916566933
"Thành phố Phan Rang-Tháp Chàm, Tỉnh Ninh Thuận",11.5303530800001,108.91713535
"Huyện Bác Ái, Tỉnh Ninh Thuận",11.6582590200001,108.660305197
"Huyện Ninh Sơn, Tỉnh Ninh Thuận",11.5000615010001,108.552482227
"Huyện Ninh Hải, Tỉnh Ninh Thuận",11.5631709240001,108.956036507
"Huyện Ninh Phước, Tỉnh Ninh Thuận",11.468357144,108.733211349
"Huyện Thuận Bắc, Tỉnh Ninh Thuận",11.6283356450001,108.968422962
"Huyện Thuận Nam, Tỉnh Ninh Thuận",11.3068508700001,108.664007794
"Thành phố Phan Thiết, Tỉnh Bình Thuận",10.778233073,107.993129789
"Thị xã La Gi, Tỉnh Bình Thuận",10.6312795490001,107.691767663
"Huyện Tuy Phong, Tỉnh Bình Thuận",11.127061229,108.500716797
"Huyện Bắc Bình, Tỉnh Bình Thuận",10.996347488,108.105878079
"Huyện Hàm Thuận Bắc, Tỉnh Bình Thuận",10.9405340180001,107.801648618
"Huyện Hàm Thuận Nam, Tỉnh Bình Thuận",10.694509327,107.755490154
"Huyện Tánh Linh, Tỉnh Bình Thuận",10.90795035,107.507892347
"Huyện Đức Linh, Tỉnh Bình Thuận",11.006974406,107.394570011
"Huyện Hàm Tân, Tỉnh Bình Thuận",10.569552936,107.503884435
"Huyện Phú Quí, Tỉnh Bình Thuận",9.96425497900003,108.869774159242
"Thành phố Kon Tum, Tỉnh Kon Tum",14.2283719220001,107.850029875
"Huyện Đắk Glei, Tỉnh Kon Tum",14.8565144510001,107.466419461
"Huyện Ngọc Hồi, Tỉnh Kon Tum",14.5032072880001,107.507084237
"Huyện Đắk Tô, Tỉnh Kon Tum",14.521173983,107.701782718
"Huyện Kon Plông, Tỉnh Kon Tum",14.543699862,108.125137675
"Huyện Kon Rẫy, Tỉnh Kon Tum",14.33405293,108.059422475
"Huyện Đắk Hà, Tỉnh Kon Tum",14.3971901250001,107.86137928
"Huyện Sa Thầy, Tỉnh Kon Tum",13.9960801890001,107.419099232
"Huyện Tu Mơ Rông, Tỉnh Kon Tum",14.7375804500001,107.775308597
"Huyện Ia H' Drai, Tỉnh Kon Tum",13.9209134330001,107.332476685
"Thành phố Pleiku, Tỉnh Gia Lai",13.8338416880001,107.839910552
"Thị xã An Khê, Tỉnh Gia Lai",13.915355216,108.625042089
"Thị xã Ayun Pa, Tỉnh Gia Lai",13.1806772780001,108.310726941
"Huyện KBang, Tỉnh Gia Lai",13.9996691710001,108.291231382
"Huyện Đăk Đoa, Tỉnh Gia Lai",13.8347693920001,107.997993546
"Huyện Chư Păh, Tỉnh Gia Lai",14.0518078710001,107.658267857
"Huyện Ia Grai, Tỉnh Gia Lai",13.8412842320001,107.454776586
"Huyện Mang Yang, Tỉnh Gia Lai",13.672814139,108.161290216
"Huyện Kông Chro, Tỉnh Gia Lai",13.554775681,108.350298407
"Huyện Đức Cơ, Tỉnh Gia Lai",13.6180654390001,107.450321162
"Huyện Chư Prông, Tỉnh Gia Lai",13.3042026530001,107.574084674
"Huyện Chư Sê, Tỉnh Gia Lai",13.5329211280001,107.971554984
"Huyện Đăk Pơ, Tỉnh Gia Lai",13.7896364900001,108.414666215
"Huyện Ia Pa, Tỉnh Gia Lai",13.360080285,108.282157846
"Huyện Krông Pa, Tỉnh Gia Lai",12.995682985,108.43680237
"Huyện Phú Thiện, Tỉnh Gia Lai",13.3462981640001,108.20220672
"Huyện Chư Pưh, Tỉnh Gia Lai",13.3730002340001,107.919179101
"Thành phố Buôn Ma Thuột, Tỉnh Đắk Lắk",12.5534823630001,107.892030286
"Thị Xã Buôn Hồ, Tỉnh Đắk Lắk",12.752580112,108.187613867
"Huyện Ea H'leo, Tỉnh Đắk Lắk",13.0471176880001,107.954834474
"Huyện Ea Súp, Tỉnh Đắk Lắk",12.9615896190001,107.512842121
"Huyện Buôn Đôn, Tỉnh Đắk Lắk",12.6684540470001,107.484515791
"Huyện Cư M'gar, Tỉnh Đắk Lắk",12.715632312,107.917006664
"Huyện Krông Búk, Tỉnh Đắk Lắk",12.900506169,108.096153528
"Huyện Krông Năng, Tỉnh Đắk Lắk",12.840490964,108.274052361
"Huyện Ea Kar, Tỉnh Đắk Lắk",12.5728714140001,108.371619413
"Huyện M'Đrắk, Tỉnh Đắk Lắk",12.45302847,108.58219412
"Huyện Krông Bông, Tỉnh Đắk Lắk",12.2768578660001,108.176226389
"Huyện Krông Pắc, Tỉnh Đắk Lắk",12.5362216250001,108.131526293
"Huyện Krông A Na, Tỉnh Đắk Lắk",12.3976002090001,107.886654404
"Huyện Lắk, Tỉnh Đắk Lắk",12.161139242,107.912583331
"Huyện Cư Kuin, Tỉnh Đắk Lắk",12.490786009,108.060532585
"Thành phố Gia Nghĩa, Tỉnh Đắk Nông",11.8854656390001,107.576691193
"Huyện Đăk Glong, Tỉnh Đắk Nông",11.790252148,107.716343743
"Huyện Cư Jút, Tỉnh Đắk Nông",12.549360361,107.558778018
"Huyện Đắk Mil, Tỉnh Đắk Nông",12.338778819,107.54334922
"Huyện Krông Nô, Tỉnh Đắk Nông",12.188264561,107.700001426
"Huyện Đắk Song, Tỉnh Đắk Nông",12.044072602,107.437137525
"Huyện Đắk R'Lấp, Tỉnh Đắk Nông",11.7491384620001,107.366398101
"Huyện Tuy Đức, Tỉnh Đắk Nông",11.9329049200001,107.20459804
"Thành phố Đà Lạt, Tỉnh Lâm Đồng",11.8093427530001,108.315380038
"Thành phố Bảo Lộc, Tỉnh Lâm Đồng",11.4386147050001,107.696171778
"Huyện Đam Rông, Tỉnh Lâm Đồng",11.8537520460001,107.963383524
"Huyện Lạc Dương, Tỉnh Lâm Đồng",11.9254886630001,108.275805911
"Huyện Lâm Hà, Tỉnh Lâm Đồng",11.6502486320001,107.969073208
"Huyện Đơn Dương, Tỉnh Lâm Đồng",11.639727141,108.392397816
"Huyện Đức Trọng, Tỉnh Lâm Đồng",11.5054667250001,108.215169488
"Huyện Di Linh, Tỉnh Lâm Đồng",11.215566645,107.873902274
"Huyện Bảo Lâm, Tỉnh Lâm Đồng",11.357380296,107.4854843
"Huyện Đạ Huoai, Tỉnh Lâm Đồng",11.3224853410001,107.474950854
"Huyện Đạ Tẻh, Tỉnh Lâm Đồng",11.419190132,107.396813271
"Huyện Cát Tiên, Tỉnh Lâm Đồng",11.5151087730001,107.265863652
"Thị xã Phước Long, Tỉnh Bình Phước",11.773532415,106.922892892
"Thành phố Đồng Xoài, Tỉnh Bình Phước",11.460987215,106.755323456
"Thị xã Bình Long, Tỉnh Bình Phước",11.603666348,106.496085675
"Huyện Bù Gia Mập, Tỉnh Bình Phước",11.8226067460001,106.748496471
"Huyện Lộc Ninh, Tỉnh Bình Phước",11.6576249250001,106.410852572
"Huyện Bù Đốp, Tỉnh Bình Phước",11.8796603500001,106.670305982
"Huyện Hớn Quản, Tỉnh Bình Phước",11.4678874470001,106.422743569
"Huyện Đồng Phú, Tỉnh Bình Phước",11.3015604230001,106.764758621
"Huyện Bù Đăng, Tỉnh Bình Phước",11.501133839,107.048576339
"Huyện Chơn Thành, Tỉnh Bình Phước",11.35450525,106.539299444
"Huyện Phú Riềng, Tỉnh Bình Phước",11.6049414190001,106.740945919
"Thành phố Tây Ninh, Tỉnh Tây Ninh",11.29391679,106.070418678
"Huyện Tân Biên, Tỉnh Tây Ninh",11.392147719,105.807316673
"Huyện Tân Châu, Tỉnh Tây Ninh",11.408027552,106.105954194
"Huyện Dương Minh Châu, Tỉnh Tây Ninh",11.188358984,106.138217778
"Huyện Châu Thành, Tỉnh Tây Ninh",11.1796866830001,105.86222287
"Thị xã Hòa Thành, Tỉnh Tây Ninh",11.2098457540001,106.087552453
"Huyện Gò Dầu, Tỉnh Tây Ninh",11.0470545470001,106.138657424
"Huyện Bến Cầu, Tỉnh Tây Ninh",11.0527215590001,106.013977023
"Thị xã Trảng Bàng, Tỉnh Tây Ninh",10.962814398,106.160750493
"Thành phố Thủ Dầu Một, Tỉnh Bình Dương",10.93960652,106.595185996
"Huyện Bàu Bàng, Tỉnh Bình Dương",11.153142256,106.498923041
"Huyện Dầu Tiếng, Tỉnh Bình Dương",11.1355553270001,106.326752365
"Thị xã Bến Cát, Tỉnh Bình Dương",11.0350407070001,106.508040909
"Huyện Phú Giáo, Tỉnh Bình Dương",11.1877150330001,106.643914862
"Thị xã Tân Uyên, Tỉnh Bình Dương",11.019800495,106.677918156
"Thành phố Dĩ An, Tỉnh Bình Dương",10.8641862530001,106.735550666
"Thành phố Thuận An, Tỉnh Bình Dương",10.8660432510001,106.65000669
"Huyện Bắc Tân Uyên, Tỉnh Bình Dương",10.959289035,106.683845458
"Thành phố Biên Hòa, Tỉnh Đồng Nai",10.8224606470001,106.762354395
"Thành phố Long Khánh, Tỉnh Đồng Nai",10.845783399,107.157610914
"Huyện Tân Phú, Tỉnh Đồng Nai",11.1763839400001,107.175719332
"Huyện Vĩnh Cửu, Tỉnh Đồng Nai",10.9737637420001,106.774784613
"Huyện Định Quán, Tỉnh Đồng Nai",11.0242144650001,107.108667803
"Huyện Trảng Bom, Tỉnh Đồng Nai",10.8589327560001,106.904373785
"Huyện Thống Nhất, Tỉnh Đồng Nai",10.8489349920001,107.05870984
"Huyện Cẩm Mỹ, Tỉnh Đồng Nai",10.6689515410001,107.072445733
"Huyện Long Thành, Tỉnh Đồng Nai",10.643651418,106.864613819
"Huyện Xuân Lộc, Tỉnh Đồng Nai",10.7654035910001,107.237813511
"Huyện Nhơn Trạch, Tỉnh Đồng Nai",10.5790132560001,106.751401199
"Thành phố Vũng Tàu, Tỉnh Bà Rịa - Vũng Tàu",10.322885586,107.036188376
"Thành phố Bà Rịa, Tỉnh Bà Rịa - Vũng Tàu",10.454550441,107.113041711
"Huyện Châu Đức, Tỉnh Bà Rịa - Vũng Tàu",10.537454128,107.136190551
"Huyện Xuyên Mộc, Tỉnh Bà Rịa - Vũng Tàu",10.4565741480001,107.340872677
"Huyện Long Điền, Tỉnh Bà Rịa - Vũng Tàu",10.3775407370001,107.169749134
"Huyện Đất Đỏ, Tỉnh Bà Rịa - Vũng Tàu",10.3795338900001,107.238727618
"Thị xã Phú Mỹ, Tỉnh Bà Rịa - Vũng Tàu",10.4676429830001,106.996538794
"Huyện Côn Đảo, Tỉnh Bà Rịa - Vũng Tàu",8.57782026100006,106.081159102
"Quận 1, Thành phố Hồ Chí Minh",10.753508218,106.681156818
"Quận 12, Thành phố Hồ Chí Minh",10.818621212,106.603695019
"Quận Gò Vấp, Thành phố Hồ Chí Minh",10.809818518,106.632544902
"Quận Bình Thạnh, Thành phố Hồ Chí Minh",10.7853255900001,106.683803633
"Quận Tân Bình, Thành phố Hồ Chí Minh",10.7683194570001,106.627602431
"Quận Tân Phú, Thành phố Hồ Chí Minh",10.7583595150001,106.607282706
"Quận Phú Nhuận, Thành phố Hồ Chí Minh",10.7883234670001,106.666341518
"Thành phố Thủ Đức, Thành phố Hồ Chí Minh",10.740843193,106.708245348
"Quận 3, Thành phố Hồ Chí Minh",10.765653683,106.664533209
"Quận 10, Thành phố Hồ Chí Minh",10.758518093,106.656045336
"Quận 11, Thành phố Hồ Chí Minh",10.7535622020001,106.634230656
"Quận 4, Thành phố Hồ Chí Minh",10.750773372,106.684533249
"Quận 5, Thành phố Hồ Chí Minh",10.74620507,106.650529755
"Quận 6, Thành phố Hồ Chí Minh",10.730007342,106.621064916
"Quận 8, Thành phố Hồ Chí Minh",10.6924885180001,106.597742436
"Quận Bình Tân, Thành phố Hồ Chí Minh",10.7109577840001,106.558880575
"Quận 7, Thành phố Hồ Chí Minh",10.6976063280001,106.689750926
"Huyện Củ Chi, Thành phố Hồ Chí Minh",10.914529492,106.356874837
"Huyện Hóc Môn, Thành phố Hồ Chí Minh",10.8254685950001,106.495712261
"Huyện Bình Chánh, Thành phố Hồ Chí Minh",10.6266417250001,106.463746007
"Huyện Nhà Bè, Thành phố Hồ Chí Minh",10.576264054,106.673397426
"Huyện Cần Giờ, Thành phố Hồ Chí Minh",10.377192445,106.735447338
"Thành phố Tân An, Tỉnh Long An",10.475860261,106.34773127
"Thị xã Kiến Tường, Tỉnh Long An",10.691772171,105.81768427
"Huyện Tân Hưng, Tỉnh Long An",10.653567588,105.499035248
"Huyện Vĩnh Hưng, Tỉnh Long An",10.731326906,105.6381213
"Huyện Mộc Hóa, Tỉnh Long An",10.652395841,105.921149118
"Huyện Tân Thạnh, Tỉnh Long An",10.522622884,105.807975771
"Huyện Thạnh Hóa, Tỉnh Long An",10.5750993120001,106.035964971
"Huyện Đức Huệ, Tỉnh Long An",10.741991448,106.135768992
"Huyện Đức Hòa, Tỉnh Long An",10.740388642,106.270403748
"Huyện Bến Lức, Tỉnh Long An",10.5888951050001,106.332092986
"Huyện Thủ Thừa, Tỉnh Long An",10.543058473,106.229855226
"Huyện Tân Trụ, Tỉnh Long An",10.4602289150001,106.437575367
"Huyện Cần Đước, Tỉnh Long An",10.4359051330001,106.483138227
"Huyện Cần Giuộc, Tỉnh Long An",10.496609816,106.541609896
"Huyện Châu Thành, Tỉnh Long An",10.3956199950001,106.414080641
"Thành phố Mỹ Tho, Tỉnh Tiền Giang",10.3189691380001,106.287625045
"Thị xã Gò Công, Tỉnh Tiền Giang",10.3347983400001,106.584109209
"Thị xã Cai Lậy, Tỉnh Tiền Giang",10.3511319940001,106.084322178
"Huyện Tân Phước, Tỉnh Tiền Giang",10.4295343920001,106.090008536
"Huyện Cái Bè, Tỉnh Tiền Giang",10.274021277,105.815813145
"Huyện Cai Lậy, Tỉnh Tiền Giang",10.276724573,106.000588253
"Huyện Châu Thành, Tỉnh Tiền Giang",10.3138809610001,106.178892935
"Huyện Chợ Gạo, Tỉnh Tiền Giang",10.2978561580001,106.345453128
"Huyện Gò Công Tây, Tỉnh Tiền Giang",10.2760283600001,106.515209827
"Huyện Gò Công Đông, Tỉnh Tiền Giang",10.265624314,106.660495565
"Huyện Tân Phú Đông, Tỉnh Tiền Giang",10.194952911,106.475630969
"Thành phố Bến Tre, Tỉnh Bến Tre",10.190480281,106.319064134
"Huyện Châu Thành, Tỉnh Bến Tre",10.2371201880001,106.142478983
"Huyện Chợ Lách, Tỉnh Bến Tre",10.1485858770001,106.028762448
"Huyện Mỏ Cày Nam, Tỉnh Bến Tre",9.96628154500007,106.276735482
"Huyện Giồng Trôm, Tỉnh Bến Tre",10.025131979,106.357445086
"Huyện Bình Đại, Tỉnh Bến Tre",10.043674369,106.440171659
"Huyện Ba Tri, Tỉnh Bến Tre",9.95757197200004,106.47022932
"Huyện Thạnh Phú, Tỉnh Bến Tre",9.79530306600003,106.400595335
"Huyện Mỏ Cày Bắc, Tỉnh Bến Tre",10.07253766,106.21936504
"Thành phố Trà Vinh, Tỉnh Trà Vinh",9.88656022100002,106.301646009
"Huyện Càng Long, Tỉnh Trà Vinh",9.86030752600004,106.112725113
"Huyện Cầu Kè, Tỉnh Trà Vinh",9.75487480400005,105.953660628
"Huyện Tiểu Cần, Tỉnh Trà Vinh",9.72640928300007,106.099521382
"Huyện Châu Thành, Tỉnh Trà Vinh",9.76578013800003,106.219797311
"Huyện Cầu Ngang, Tỉnh Trà Vinh",9.67806600700004,106.324596678
"Huyện Trà Cú, Tỉnh Trà Vinh",9.60237161500004,106.132778801
"Huyện Duyên Hải, Tỉnh Trà Vinh",9.52732079100002,106.271923155
"Thị xã Duyên Hải, Tỉnh Trà Vinh",9.56574638400002,106.439988568
"Thành phố Cao Lãnh, Tỉnh Đồng Tháp",10.4062315910001,105.557915499
"Thành phố Sa Đéc, Tỉnh Đồng Tháp",10.2612269430001,105.704629874
"Thành phố Hồng Ngự, Tỉnh Đồng Tháp",10.751492931,105.310593473
"Huyện Tân Hồng, Tỉnh Đồng Tháp",10.7846435760001,105.370375773
"Huyện Hồng Ngự, Tỉnh Đồng Tháp",10.6924539620001,105.188918283
"Huyện Tam Nông, Tỉnh Đồng Tháp",10.6479551950001,105.355949412
"Huyện Tháp Mười, Tỉnh Đồng Tháp",10.3660230080001,105.6357357
"Huyện Cao Lãnh, Tỉnh Đồng Tháp",10.2892884940001,105.553639833
"Huyện Thanh Bình, Tỉnh Đồng Tháp",10.5155680390001,105.339127205
"Huyện Lấp Vò, Tỉnh Đồng Tháp",10.2786576930001,105.487621347
"Huyện Lai Vung, Tỉnh Đồng Tháp",10.1340348410001,105.558021317
"Huyện Châu Thành, Tỉnh Đồng Tháp",10.1489114020001,105.705310306
"Thành phố Long Xuyên, Tỉnh An Giang",10.30307759,105.359947451
"Thành phố Châu Đốc, Tỉnh An Giang",10.6106905830001,105.022797379
"Huyện An Phú, Tỉnh An Giang",10.710160936,105.028823972
"Thị xã Tân Châu, Tỉnh An Giang",10.704728463,105.124632344
"Huyện Phú Tân, Tỉnh An Giang",10.5413310970001,105.144189635
"Huyện Châu Phú, Tỉnh An Giang",10.4352669900001,105.065214899
"Huyện Tịnh Biên, Tỉnh An Giang",10.435325458,104.898405534
"Huyện Tri Tôn, Tỉnh An Giang",10.2706140230001,104.778319178
"Huyện Châu Thành, Tỉnh An Giang",10.3461364940001,105.112796894
"Huyện Chợ Mới, Tỉnh An Giang",10.3345328990001,105.327145664
"Huyện Thoại Sơn, Tỉnh An Giang",10.1835572730001,105.0951452
"Thành phố Rạch Giá, Tỉnh Kiên Giang",9.93627527900003,105.051581126
"Thành phố Hà Tiên, Tỉnh Kiên Giang",10.283403493,104.306118855
"Huyện Kiên Lương, Tỉnh Kiên Giang",9.97633466700006,104.492379182
"Huyện Hòn Đất, Tỉnh Kiên Giang",10.0362623980001,104.703638353
"Huyện Tân Hiệp, Tỉnh Kiên Giang",9.95660663900003,105.107872911
"Huyện Châu Thành, Tỉnh Kiên Giang",9.82935412800003,105.092449136
"Huyện Giồng Riềng, Tỉnh Kiên Giang",9.79400135800006,105.199641224
"Huyện Gò Quao, Tỉnh Kiên Giang",9.58766236100007,105.136333539
"Huyện An Biên, Tỉnh Kiên Giang",9.69278261300008,104.915142318
"Huyện An Minh, Tỉnh Kiên Giang",9.49408205700007,104.834587018
"Huyện Vĩnh Thuận, Tỉnh Kiên Giang",9.39894559500004,105.136905312
"Thành phố Phú Quốc, Tỉnh Kiên Giang",9.26284935800004,103.419762249
"Huyện Kiên Hải, Tỉnh Kiên Giang",9.63344477000004,104.33608111
"Huyện U Minh Thượng, Tỉnh Kiên Giang",9.47754283700004,105.028148802
"Huyện Giang Thành, Tỉnh Kiên Giang",10.3433059660001,104.523662696
"Quận Ninh Kiều, Thành phố Cần Thơ",9.99350216700003,105.717550185
"Quận Ô Môn, Thành phố Cần Thơ",10.0404810910001,105.556716203
"Quận Bình Thuỷ, Thành phố Cần Thơ",10.003517432,105.664720232
"Quận Cái Răng, Thành phố Cần Thơ",9.95462628700005,105.723611631
"Quận Thốt Nốt, Thành phố Cần Thơ",10.152295371,105.470790487
"Huyện Vĩnh Thạnh, Thành phố Cần Thơ",10.100421888,105.225786387
"Huyện Cờ Đỏ, Thành phố Cần Thơ",10.0253061380001,105.345963136
"Huyện Phong Điền, Thành phố Cần Thơ",9.93889983300005,105.583146161
"Huyện Thới Lai, Thành phố Cần Thơ",9.91912794800004,105.418289655
"Thành phố Vị Thanh, Tỉnh Hậu Giang",9.67973211700007,105.328279413
"Thành phố Ngã Bảy, Tỉnh Hậu Giang",9.76381984300002,105.766866415
"Huyện Châu Thành A, Tỉnh Hậu Giang",9.86538303000003,105.532679408
"Huyện Châu Thành, Tỉnh Hậu Giang",9.85981108600004,105.728186623
"Huyện Phụng Hiệp, Tỉnh Hậu Giang",9.65411400400006,105.586242098
"Huyện Vị Thuỷ, Tỉnh Hậu Giang",9.68811483800005,105.450518626
"Huyện Long Mỹ, Tỉnh Hậu Giang",9.58238303900004,105.338061291
"Thị xã Long Mỹ, Tỉnh Hậu Giang",9.60935180900003,105.546940954
"Thành phố Sóc Trăng, Tỉnh Sóc Trăng",9.55938522100007,105.92876212
"Huyện Châu Thành, Tỉnh Sóc Trăng",9.58921519000006,105.797209543
"Huyện Kế Sách, Tỉnh Sóc Trăng",9.71060345200004,105.84344073
"Huyện Mỹ Tú, Tỉnh Sóc Trăng",9.52409714600003,105.669345623
"Huyện Cù Lao Dung, Tỉnh Sóc Trăng",9.50185107900006,106.073266054
"Huyện Long Phú, Tỉnh Sóc Trăng",9.54195185300006,105.983001889
"Huyện Mỹ Xuyên, Tỉnh Sóc Trăng",9.35307492100003,105.753624797
"Thị xã Ngã Năm, Tỉnh Sóc Trăng",9.41098788900007,105.54391623
"Huyện Thạnh Trị, Tỉnh Sóc Trăng",9.37754362000004,105.588389656
"Thị xã Vĩnh Châu, Tỉnh Sóc Trăng",9.24470426500005,105.812480273
"Huyện Trần Đề, Tỉnh Sóc Trăng",9.40164945400005,105.964438034
"Thành phố Bạc Liêu, Tỉnh Bạc Liêu",9.19654415400004,105.679532189
"Huyện Hồng Dân, Tỉnh Bạc Liêu",9.38152642900008,105.262055331
"Huyện Phước Long, Tỉnh Bạc Liêu",9.27963159000007,105.248310984
"Huyện Vĩnh Lợi, Tỉnh Bạc Liêu",9.26040173400003,105.549698514
"Thị xã Giá Rai, Tỉnh Bạc Liêu",9.17356455300006,105.232721452
"Huyện Đông Hải, Tỉnh Bạc Liêu",9.01805618700007,105.245179139
"Huyện Hoà Bình, Tỉnh Bạc Liêu",9.13566489400006,105.507256824
"Thành phố Cà Mau, Tỉnh Cà Mau",9.08220981300008,105.096415964
"Huyện U Minh, Tỉnh Cà Mau",9.18588030700005,104.821274431
"Huyện Thới Bình, Tỉnh Cà Mau",9.20013014800003,104.959680889
"Huyện Trần Văn Thời, Tỉnh Cà Mau",8.87962780300006,104.522193708
"Huyện Cái Nước, Tỉnh Cà Mau",8.85200534700004,104.958944121
"Huyện Đầm Dơi, Tỉnh Cà Mau",8.82329360400007,105.048611158
"Huyện Năm Căn, Tỉnh Cà Mau",8.69112360200006,104.82089697
"Huyện Phú Tân, Tỉnh Cà Mau",8.77229688700004,104.780659742
"Huyện Ngọc Hiển, Tỉnh Cà Mau",8.38138655200004,104.71274165
